Product URL,Description,ASIN,Manufacturer
https://www.amazon.in/Skybags-Brat-Black-Casual-Backpack/dp/B08Z1HHHTD/ref=sr_1_1?crid=2M096C61O4MLT&keywords=bags&qid=1692638493&sprefix=ba%2Caps%2C283&sr=8-1,"Bags, Wallets and Luggage › Bags & Backpacks › Backpacks › Casual Backpacks",‎B08Z1HHHTD,‎VIP Industries Ltd
https://www.amazon.in/Half-Moon-Backpack-Luggage-Compartment/dp/B09VCLZ3K4/ref=sr_1_5?crid=2M096C61O4MLT&keywords=bags&qid=1692638493&sprefix=ba%2Caps%2C283&sr=8-5,Computers & Accessories › Accessories & Peripherals › Laptop Accessories › Bags & Sleeves › Laptop Backpacks,‎B09VCLZ3K4,‎Amazing Bags
https://www.amazon.in/Number-Backpack-Compartment-Charging-Organizer/dp/B09VTDMRY7/ref=sr_1_6?crid=2M096C61O4MLT&keywords=bags&qid=1692638493&sprefix=ba%2Caps%2C283&sr=8-6,Computers & Accessories › Accessories & Peripherals › Laptop Accessories › Bags & Sleeves › Laptop Backpacks,‎B09VTDMRY7,"‎FUR JADEN, Fur Jaden, 3C Jai Hind Bld, Dr AM Road, Bhuleshwar, Mumbai 400002"
https://www.amazon.in/FUR-JADEN-Leatherette-Polypropylene-DUFF05/dp/B07M9BRCQ5/ref=sr_1_8?crid=2M096C61O4MLT&keywords=bags&qid=1692638493&sprefix=ba%2Caps%2C283&sr=8-8,"Fashion › Deals on shoes, watches, luggage & jewellery › Deals on watches, jewellery & luggage › Luggage",‎B07M9BRCQ5,"‎Fur Jaden, 3-C, Jai Hind Bld, Dr AM Road, Bhuleshwar, Mumbai 400002, 8080888028"
https://www.amazon.in/Amazon-Brand-Presto-Oxo-Biodegradable-Garbage/dp/B0821PYKVK/ref=sxin_25_trfobq2av2_1_B0821PYKVK?content-id=amzn1.sym.7abeb195-8e0b-4e74-aede-b7cb234213a5%3Aamzn1.sym.7abeb195-8e0b-4e74-aede-b7cb234213a5&crid=2M096C61O4MLT&cv_ct_cx=bags&keywords=bags&pd_rd_i=B0821PYKVK&pd_rd_r=5352de48-d97d-4d1a-af3e-b6468c7ec1fe&pd_rd_w=m3oGt&pd_rd_wg=NuJ90&pf_rd_p=7abeb195-8e0b-4e74-aede-b7cb234213a5&pf_rd_r=ZMR4TKDCNWNNRYXZ1FS8&qid=1692638493&sbo=Tc8eqSFhUl4VwMzbE4fw%2Fw%3D%3D&sprefix=ba%2Caps%2C283&sr=1-2-973fd8bd-28ce-479e-8be4-fbaf1193947a,Home & Kitchen › Home Storage & Organisation › Waste & Recycling › Dustbin Bags,‎B0821PYKVK,‎SINAR INDAH PULP & PAPER PVT LTD Plot No
https://www.amazon.in/Half-Moon-Resistant-Backpack-Compartment/dp/B0BJ32LQ6X/ref=sr_1_11?crid=2M096C61O4MLT&keywords=bags&qid=1692638493&sprefix=ba%2Caps%2C283&sr=8-11,Computers & Accessories › Accessories & Peripherals › Laptop Accessories › Bags & Sleeves › Laptop Backpacks,‎B0BJ32LQ6X,‎Amazing Bags
https://www.amazon.in/WILDHORN-Backpack-Compartment-Business-Stitching/dp/B09QL66G55/ref=sr_1_13?crid=2M096C61O4MLT&keywords=bags&qid=1692638493&sprefix=ba%2Caps%2C283&sr=8-13,Computers & Accessories › Accessories & Peripherals › Laptop Accessories › Bags & Sleeves › Laptop Backpacks,‎B09QL66G55,"‎WildHorn, ADL International, 61 B/H G.J. Khan Road, kolkata-700039, Contact"
https://www.amazon.in/Gear-Classic-Leather-Backpack-LBPCLSLTH0201/dp/B07G4F6XFH/ref=sr_1_14?crid=2M096C61O4MLT&keywords=bags&qid=1692638493&sprefix=ba%2Caps%2C283&sr=8-14,Computers & Accessories › Accessories & Peripherals › Laptop Accessories › Bags & Sleeves › Laptop Backpacks,‎B07G4F6XFH,"‎Gear Merchandise PVT LTD, Gear Merchandise PVT LTD E/12 West Chowbaga Gulshan colony KoLkata-700100 Contact 9830403366"
https://www.amazon.in/Safari-45L-21-OB-BLK/dp/B07BZ5VC4H/ref=sr_1_16?crid=2M096C61O4MLT&keywords=bags&qid=1692638493&sprefix=ba%2Caps%2C283&sr=8-16,"Bags, Wallets and Luggage › Bags & Backpacks › Backpacks › Casual Backpacks",‎B07BZ5VC4H,"‎Safari Industries (India) Ltd, Safari Industries Ltd 301/302, A-Wing, The Qube, M.V.Road, Marol, Andheri(East), Near international Airport Mumbai- 400059 +91-22-40381851/838"
https://www.amazon.in/ADISA-Laptop-Backpack-Office-College/dp/B09TPX22NF/ref=sr_1_18?crid=2M096C61O4MLT&keywords=bags&qid=1692638497&sprefix=ba%2Caps%2C283&sr=8-18,Computers & Accessories › Accessories & Peripherals › Laptop Accessories › Bags & Sleeves › Laptop Backpacks,‎B09TPX22NF,"‎ADISA, ADISA INTERNATIONAL, 42/34, Upper Ground Floor, DLF Industrial Area, Kirti Nagar, New Delhi 110015, careadisa@gmail.com"
https://www.amazon.in/Arctic-Fox-Liters-String-Backpack/dp/B08L6Q9V1H/ref=sr_1_19?crid=2M096C61O4MLT&keywords=bags&qid=1692638497&sprefix=ba%2Caps%2C283&sr=8-19,"Bags, Wallets and Luggage › Bags & Backpacks › Backpacks › Casual Backpacks",‎B08L6Q9V1H,"‎Arctic Fox, Outshiny India Pvt. Ltd. No.17, Ganesh Nagar, 8th B Cross Narayanappa Layout, Kodigehalli Bengaluru - 560097.."
https://www.amazon.in/Gear-Black-Laptop-Backpack-LBPASPIRE0104/dp/B075MK4TXP/ref=sr_1_20?crid=2M096C61O4MLT&keywords=bags&qid=1692638497&sprefix=ba%2Caps%2C283&sr=8-20,Computers & Accessories › Accessories & Peripherals › Laptop Accessories › Bags & Sleeves › Laptop Backpacks,‎B075MK4TXP,"‎Gear Merchandise PVT LTD, Gear Merchandise PVT LTD E/12 West Chowbaga Gulshan colony KoLkata-700100 Contact 9830403366"
https://www.amazon.in/Number-Backpack-Compartment-Charging-Organizer/dp/B09VTCNN75/ref=sr_1_21?crid=2M096C61O4MLT&keywords=bags&qid=1692638497&sprefix=ba%2Caps%2C283&sr=8-21,Computers & Accessories › Accessories & Peripherals › Laptop Accessories › Bags & Sleeves › Laptop Backpacks,‎B09VTCNN75,"‎FUR JADEN, Fur Jaden, 3C Jai Hind Bld, Dr AM Road, Bhuleshwar, Mumbai 400002"
https://www.amazon.in/American-Tourister-BACKPACK-COMPARTMENT-ORGANIZER/dp/B0BTD4FK9G/ref=sr_1_23?crid=2M096C61O4MLT&keywords=bags&qid=1692638497&sprefix=ba%2Caps%2C283&sr=8-23,Computers & Accessories › Accessories & Peripherals › Laptop Accessories › Bags & Sleeves › Laptop Backpacks,‎B0BTD4FK9G,"‎EXPERTS, China"
https://www.amazon.in/LOOKMUSTER-Waterproof-Backpack-College-Business/dp/B0BZW8KW18/ref=sr_1_25?crid=2M096C61O4MLT&keywords=bags&qid=1692638497&sprefix=ba%2Caps%2C283&sr=8-25,Computers & Accessories › Accessories & Peripherals › Laptop Accessories › Bags & Sleeves › Laptop Backpacks,‎B0BZW8KW18,"‎LOOKMUSTER, ABU GROUP OF INDUSTRIES B-3/406 AGAR NAGAR PREM NAGAR-RD KIRARI SULEMAN NAGAR DELHI-110086"
https://www.amazon.in/Fur-Jaden-Black-Waterproof-Backpack/dp/B078GLXMDY/ref=sr_1_26?crid=2M096C61O4MLT&keywords=bags&qid=1692638497&sprefix=ba%2Caps%2C283&sr=8-26,Computers & Accessories › Accessories & Peripherals › Laptop Accessories › Bags & Sleeves › Laptop Backpacks,‎B078GLXMDY,"‎Fur Jaden, 3-C, Jai Hind Bld, Dr AM Road, Bhuleshwar, Mumbai 400002, 8080888028"
https://www.amazon.in/TRUE-Emperor-Anti-Theft-backpack-charging/dp/B0BYB631NR/ref=sr_1_27?crid=2M096C61O4MLT&keywords=bags&qid=1692638497&sprefix=ba%2Caps%2C283&sr=8-27,Computers & Accessories › Accessories & Peripherals › Laptop Accessories › Bags & Sleeves › Laptop Backpacks,‎B0BYB631NR,‎Rama luxury store
https://www.amazon.in/ZIPLINE-Polyester-Backpack-Children-Daypack/dp/B07XVMR33Q/ref=sr_1_29?crid=2M096C61O4MLT&keywords=bags&qid=1692638497&sprefix=ba%2Caps%2C283&sr=8-29,"Bags, Wallets and Luggage › Bags & Backpacks › Backpacks › Casual Backpacks",‎B07XVMR33Q,"‎Atulitu Agency, ,251/3364, Tagore Nagar - 1, Vikhroli East, Mumbai - 400083 (9820078070)"
https://www.amazon.in/WILDHORN-Backpack-Compartment-Business-Stitching/dp/B09QL81ZHB/ref=sr_1_30?crid=2M096C61O4MLT&keywords=bags&qid=1692638497&sprefix=ba%2Caps%2C283&sr=8-30,Computers & Accessories › Accessories & Peripherals › Laptop Accessories › Bags & Sleeves › Laptop Backpacks,‎B09QL81ZHB,"‎WildHorn, ADL International, 61 B/H G.J. Khan Road, kolkata-700039, Contact"
https://www.amazon.in/Gear-Training-Travel-Duffel-DUFCRSTNG4314/dp/B098FG3GVX/ref=sr_1_33?crid=2M096C61O4MLT&keywords=bags&qid=1692638501&sprefix=ba%2Caps%2C283&sr=8-33,"Bags, Wallets and Luggage › Bags & Backpacks › Gym Bags › Sports Duffles",‎B098FG3GVX,"‎Gear Merchandise Pvt Ltd, Gear Merchandise Pvt Ltd, E/12 West Chowbaga Gulshan Colony, Kolkata-700100"
https://www.amazon.in/ADISA-Laptop-Backpack-Office-College/dp/B0BPVLXD53/ref=sr_1_35?crid=2M096C61O4MLT&keywords=bags&qid=1692638501&sprefix=ba%2Caps%2C283&sr=8-35,Computers & Accessories › Accessories & Peripherals › Laptop Accessories › Bags & Sleeves › Laptop Backpacks,‎B0BPVLXD53,"‎ADISA, ADISA INTERNATIONAL, 42/34, Upper Ground Floor, DLF Industrial Area, Kirti Nagar, New Delhi 110015, careadisa@gmail.com"
https://www.amazon.in/ADISA-BP005-Weight-Casual-Backpack/dp/B07F3X45WZ/ref=sr_1_36?crid=2M096C61O4MLT&keywords=bags&qid=1692638501&sprefix=ba%2Caps%2C283&sr=8-36,Computers & Accessories › Accessories & Peripherals › Laptop Accessories › Bags & Sleeves › Laptop Backpacks,‎B07F3X45WZ,"‎ADISA, ADISA INTERNATIONAL, 42/34, Upper Ground Floor, DLF Industrial Area, Kirti Nagar, New Delhi 110015, careadisa@gmail.com"
https://www.amazon.in/Lunars-Comet-Resistant-Casual-Backpack/dp/B07WN833M7/ref=sr_1_37?crid=2M096C61O4MLT&keywords=bags&qid=1692638501&sprefix=ba%2Caps%2C283&sr=8-37,Computers & Accessories › Accessories & Peripherals › Laptop Accessories › Bags & Sleeves › Laptop Backpacks,‎B07WN833M7,"‎Lunar's, Akshaya Rubbers, Hebbal Industrial Area, Mysore"
https://www.amazon.in/AirCase-C34-Laptop-Backpack-Women/dp/B07QL8633G/ref=sr_1_38?crid=2M096C61O4MLT&keywords=bags&qid=1692638501&sprefix=ba%2Caps%2C283&sr=8-38,Computers & Accessories › Accessories & Peripherals › Laptop Accessories › Bags & Sleeves › Laptop Backpacks,‎B07QL8633G,"‎AirCase, Istuff365, Godown No.H-3, Dharam Complex, Thane-421302"
https://www.amazon.in/ZIPLINE-Polyester-Backpack-Children-Daypack/dp/B07XVMVV77/ref=sr_1_39?crid=2M096C61O4MLT&keywords=bags&qid=1692638501&sprefix=ba%2Caps%2C283&sr=8-39,"Bags, Wallets and Luggage › Bags & Backpacks › Backpacks › Casual Backpacks",‎B07XVMVV77,"‎Atulitu Agency, ,251/3364, Tagore Nagar - 1, Vikhroli East, Mumbai - 400083 (9820078070)"
https://www.amazon.in/Bagneeds-Synthetic-Leather-Briefcase-Messenger/dp/B0855F8174/ref=sr_1_43?crid=2M096C61O4MLT&keywords=bags&qid=1692638501&sprefix=ba%2Caps%2C283&sr=8-43,Computers & Accessories › Accessories & Peripherals › Laptop Accessories › Bags & Sleeves › Laptop Messenger & Shoulder Bags,‎B0855F8174,‎Bagneeds
https://www.amazon.in/Safari-Spartan-Water-Resistant-Backpack/dp/B09B26MB5M/ref=sr_1_44?crid=2M096C61O4MLT&keywords=bags&qid=1692638501&sprefix=ba%2Caps%2C283&sr=8-44,"Bags, Wallets and Luggage › Bags & Backpacks › Backpacks › Casual Backpacks",‎B09B26MB5M,"‎Safari Industries, 302-303, A Wing, The Qube CTS No.1498, A/2, Sir Mathuradas Vasanji Rd, Marol, Andheri East, Mumbai, Maharashtra 400059"
https://www.amazon.in/Half-Moon-Backpack-Spacious-Multiple/dp/B0C23Z9W18/ref=sr_1_45?crid=2M096C61O4MLT&keywords=bags&qid=1692638501&sprefix=ba%2Caps%2C283&sr=8-45,Computers & Accessories › Accessories & Peripherals › Laptop Accessories › Bags & Sleeves › Laptop Backpacks,‎B0C23Z9W18,‎Half_Moon
https://www.amazon.in/Half-Moon-Trekking-Bags-Compartment/dp/B08PSX1LN9/ref=sr_1_46?crid=2M096C61O4MLT&keywords=bags&qid=1692638501&sprefix=ba%2Caps%2C283&sr=8-46,Computers & Accessories › Accessories & Peripherals › Laptop Accessories › Bags & Sleeves › Laptop Backpacks,‎B08PSX1LN9,‎AB Amazing Bags
https://www.amazon.in/Shalimar-Capacity-Travel-Storage-Duffel/dp/B09TPHFMX7/ref=sr_1_47?crid=2M096C61O4MLT&keywords=bags&qid=1692638501&sprefix=ba%2Caps%2C283&sr=8-47,"Bags, Wallets and Luggage › Luggage › Travel Duffles",‎B09TPHFMX7,"‎Vikrant Extrusion , Daman, Vikrant Extrusion, Daman"
https://www.amazon.in/AUXTER-BLACKY-Duffel-Emboss-Black/dp/B07F2H25NP/ref=sr_1_48?crid=2M096C61O4MLT&keywords=bags&qid=1692638501&sprefix=ba%2Caps%2C283&sr=8-48,"Bags, Wallets and Luggage › Bags & Backpacks › Gym Bags › Sports Duffles",‎B07F2H25NP,"‎Auxter, (AUXTER ) GEE KAY ENTERPRISES ,72 Anoop Nagar Leather Complex Road,Jalandhar Punjab 140021 India . 8146718618 , auxterbags@gmail.com"
https://www.amazon.in/Safari-Casual-Backpack-Charging-Resistant/dp/B09B2581S9/ref=sr_1_49?crid=2M096C61O4MLT&keywords=bags&qid=1692638504&sprefix=ba%2Caps%2C283&sr=8-49,"Bags, Wallets and Luggage › Bags & Backpacks › Backpacks › Casual Backpacks",‎B09B2581S9,"‎Safari Industries, 302-303, A Wing, The Qube CTS No.1498, A/2, Sir Mathuradas Vasanji Rd, Marol, Andheri East, Mumbai, Maharashtra 400059"
https://www.amazon.in/Safari-Spartan-Water-Resistant-Backpack/dp/B09B277CR5/ref=sr_1_50?crid=2M096C61O4MLT&keywords=bags&qid=1692638504&sprefix=ba%2Caps%2C283&sr=8-50,"Bags, Wallets and Luggage › Bags & Backpacks › Backpacks › Casual Backpacks",‎B09B277CR5,"‎Safari Industries, 302-303, A Wing, The Qube CTS No.1498, A/2, Sir Mathuradas Vasanji Rd, Marol, Andheri East, Mumbai, Maharashtra 400059"
https://www.amazon.in/Gear-Beige-Casual-Backpack-BKPTRMP520522/dp/B00VWM11HQ/ref=sr_1_52?crid=2M096C61O4MLT&keywords=bags&qid=1692638504&sprefix=ba%2Caps%2C283&sr=8-52,"Bags, Wallets and Luggage › Bags & Backpacks › Backpacks › Casual Backpacks",‎B00VWM11HQ,"‎Gear Merchandise PVT LTD, Gear Merchandise PVT LTD E/12 West Chowbaga Gulshan colony KoLkata-700100 Contact 9830403366"
https://www.amazon.in/Trajectory-Elegant-15-6-Laptop-Office/dp/B09RK6NCGC/ref=sr_1_54?crid=2M096C61O4MLT&keywords=bags&qid=1692638504&sprefix=ba%2Caps%2C283&sr=8-54,Computers & Accessories › Accessories & Peripherals › Laptop Accessories › Bags & Sleeves › Laptop Messenger & Shoulder Bags,‎B09RK6NCGC,"‎Trajectory Marketing LLP, Customer support contact no"
https://www.amazon.in/Skybags-Unisex-Gucci-Fabric-Backpacks/dp/B0B21XCFRM/ref=sr_1_55?crid=2M096C61O4MLT&keywords=bags&qid=1692638504&sprefix=ba%2Caps%2C283&sr=8-55,"Bags, Wallets and Luggage › Bags & Backpacks › Backpacks › Casual Backpacks",‎B0B21XCFRM,"‎VIP Industries Limited, DGP House, 88C, Old Prabhadevi Road, Prabhadevi, Mumbai 400025. India, VIP Industries Limited, DGP House, 88C, Old Prabhadevi Road, Prabhadevi, Mumbai 400025. India"
https://www.amazon.in/Storite-Travel-Bag-Lightweight-GreenPink/dp/B0B3JBYZ8C/ref=sr_1_56?crid=2M096C61O4MLT&keywords=bags&qid=1692638504&sprefix=ba%2Caps%2C283&sr=8-56,"Bags, Wallets and Luggage › Luggage › Travel Duffles",‎B0B3JBYZ8C,"‎NISUN INC., B-201, Greenfield 4+, Vadodara, Gujarat-391410 Email"
https://www.amazon.in/HP-Lightweight-200-Green-Backpack/dp/B08CY1XYFL/ref=sr_1_57?crid=2M096C61O4MLT&keywords=bags&qid=1692638504&sprefix=ba%2Caps%2C283&sr=8-57,Computers & Accessories › Accessories & Peripherals › Laptop Accessories › Bags & Sleeves › Laptop Backpacks,‎B08CY1XYFL,"‎Korrun India Pvt. Ltd., Korrun India Pvt. Ltd."
https://www.amazon.in/Safari-Sheild-Resistant-Casual-Backpack/dp/B09B28M2RN/ref=sr_1_58?crid=2M096C61O4MLT&keywords=bags&qid=1692638504&sprefix=ba%2Caps%2C283&sr=8-58,"Bags, Wallets and Luggage › Bags & Backpacks › Backpacks › Casual Backpacks",‎B09B28M2RN,"‎Safari Industries, 302-303, A Wing, The Qube CTS No.1498, A/2, Sir Mathuradas Vasanji Rd, Marol, Andheri East, Mumbai, Maharashtra 400059"
https://www.amazon.in/Lunars-Bingo-Laptop-Resistant-48L/dp/B08YZ8FFBZ/ref=sr_1_59?crid=2M096C61O4MLT&keywords=bags&qid=1692638504&sprefix=ba%2Caps%2C283&sr=8-59,Computers & Accessories › Accessories & Peripherals › Laptop Accessories › Bags & Sleeves › Laptop Backpacks,‎B08YZ8FFBZ,"‎Akshaya Rubbers, Hebbal Industrial Area, Mysore, 7022982998"
https://www.amazon.in/Half-Moon-Backpack-Spacious-Multiple/dp/B0C6N3MYL2/ref=sr_1_61?crid=2M096C61O4MLT&keywords=bags&qid=1692638504&sprefix=ba%2Caps%2C283&sr=8-61,Computers & Accessories › Accessories & Peripherals › Laptop Accessories › Bags & Sleeves › Laptop Backpacks,‎B0C6N3MYL2,‎Half_Moon
https://www.amazon.in/F-Gear-String-Polyester-33-cms-Black-Drawstring-Gym-Bag/dp/B07PC28YQ9/ref=sr_1_62?crid=2M096C61O4MLT&keywords=bags&qid=1692638504&sprefix=ba%2Caps%2C283&sr=8-62,"Bags, Wallets and Luggage › Bags & Backpacks › Gym Bags › Sports Duffles",‎B07PC28YQ9,"‎Uber Fashion Merchandise Pvt. Ltd., Uber Fashion Merchandise Pvt. Ltd. No. 17G/46-3 & 17G/46-3-1 , 1st & 2nd Floor, Industrial Suburb, 2nd Stage, Yeshwantpur, Next to Sapna Books on MEI road, Bangalore – 560 022. INDIA Tel"
https://www.amazon.in/LOOKMUSTER-Waterproof-Backpack-College-Business/dp/B0BZW8KW18/ref=sr_1_63?crid=2M096C61O4MLT&keywords=bags&qid=1692638504&sprefix=ba%2Caps%2C283&sr=8-63,Computers & Accessories › Accessories & Peripherals › Laptop Accessories › Bags & Sleeves › Laptop Backpacks,‎B0BZW8KW18,"‎LOOKMUSTER, ABU GROUP OF INDUSTRIES B-3/406 AGAR NAGAR PREM NAGAR-RD KIRARI SULEMAN NAGAR DELHI-110086"
https://www.amazon.in/ADISA-Womens-Girls-Party-Crossbody/dp/B0B2WBJ2H8/ref=sr_1_64?crid=2M096C61O4MLT&keywords=bags&qid=1692638504&sprefix=ba%2Caps%2C283&sr=8-64,Fashion › Shoes › Women's Shoes › Deals on Women's Footwear and Handbags,‎B0B2WBJ2H8,"‎ADISA, ADISA INTERNATIONAL, 42/34, Upper Ground Floor, DLF Industrial Area, Kirti Nagar, New Delhi 110015, careadisa@gmail.com"
https://www.amazon.in/Half-Moon-Trekking-Bags-Compartment/dp/B08PSX1LN9/ref=sr_1_65?crid=2M096C61O4MLT&keywords=bags&qid=1692638508&sprefix=ba%2Caps%2C283&sr=8-65,Computers & Accessories › Accessories & Peripherals › Laptop Accessories › Bags & Sleeves › Laptop Backpacks,‎B08PSX1LN9,‎AB Amazing Bags
https://www.amazon.in/ROZEN-School-partition-Collage-Backpack/dp/B0BRTDXVZC/ref=sr_1_66?crid=2M096C61O4MLT&keywords=bags&qid=1692638508&sprefix=ba%2Caps%2C283&sr=8-66,Computers & Accessories › Accessories & Peripherals › Laptop Accessories › Bags & Sleeves › Laptop Backpacks,‎B0BRTDXVZC,"‎ROZEN, ROZEN"
https://www.amazon.in/AUXTER-BLACKY-Duffel-Emboss-Black/dp/B07F2H25NP/ref=sr_1_68?crid=2M096C61O4MLT&keywords=bags&qid=1692638508&sprefix=ba%2Caps%2C283&sr=8-68,"Bags, Wallets and Luggage › Bags & Backpacks › Gym Bags › Sports Duffles",‎B07F2H25NP,"‎Auxter, (AUXTER ) GEE KAY ENTERPRISES ,72 Anoop Nagar Leather Complex Road,Jalandhar Punjab 140021 India . 8146718618 , auxterbags@gmail.com"
https://www.amazon.in/NORTH-ZONE-Lightweight-Backpacks-Stylish/dp/B0BL3S5NC1/ref=sr_1_69?crid=2M096C61O4MLT&keywords=bags&qid=1692638508&sprefix=ba%2Caps%2C283&sr=8-69,Computers & Accessories › Accessories & Peripherals › Laptop Accessories › Bags & Sleeves › Laptop Backpacks,‎B0BL3S5NC1,"‎Northzone, Plot no 35 to 40 KH.No. 28/2 Ground Floor Agar Nagar Prem Nagar Phase 3 Delhi 110086"
https://www.amazon.in/Skybags-Unisex-Grey-Jacqard-Laptop/dp/B09ZV9SLBJ/ref=sr_1_70?crid=2M096C61O4MLT&keywords=bags&qid=1692638508&sprefix=ba%2Caps%2C283&sr=8-70,Computers & Accessories › Accessories & Peripherals › Laptop Accessories › Bags & Sleeves › Laptop Backpacks,‎B09ZV9SLBJ,"‎VIP Industries Limited, DGP House, 88C, Old Prabhadevi Road, Prabhadevi, Mumbai 400025. India, VIP Industries Limited, DGP House, 88C, Old Prabhadevi Road, Prabhadevi, Mumbai 400025. India"
https://www.amazon.in/AirCase-C34-Laptop-Backpack-Women/dp/B07QL8633G/ref=sr_1_71?crid=2M096C61O4MLT&keywords=bags&qid=1692638508&sprefix=ba%2Caps%2C283&sr=8-71,Computers & Accessories › Accessories & Peripherals › Laptop Accessories › Bags & Sleeves › Laptop Backpacks,‎B07QL8633G,"‎AirCase, Istuff365, Godown No.H-3, Dharam Complex, Thane-421302"
https://www.amazon.in/HP-Lightweight-200-Green-Backpack/dp/B08CY1XYFL/ref=sr_1_73?crid=2M096C61O4MLT&keywords=bags&qid=1692638508&sprefix=ba%2Caps%2C283&sr=8-73,Computers & Accessories › Accessories & Peripherals › Laptop Accessories › Bags & Sleeves › Laptop Backpacks,‎B08CY1XYFL,"‎Korrun India Pvt. Ltd., Korrun India Pvt. Ltd."
https://www.amazon.in/LOOKMUSTER-Waterproof-Backpack-College-Business/dp/B0BS6YGKMC/ref=sr_1_75?crid=2M096C61O4MLT&keywords=bags&qid=1692638508&sprefix=ba%2Caps%2C283&sr=8-75,Computers & Accessories › Accessories & Peripherals › Laptop Accessories › Bags & Sleeves › Laptop Backpacks,‎B0BS6YGKMC,"‎Lookmuster, B-3/406 Agar nagar PremNagar-3rd Kirari suleman Nagar New Delhi-110086,Contact"
https://www.amazon.in/Genie-Flamenco2-Backpack-Compatible-Resistant/dp/B08YF9VHTY/ref=sr_1_76?crid=2M096C61O4MLT&keywords=bags&qid=1692638508&sprefix=ba%2Caps%2C283&sr=8-76,Computers & Accessories › Accessories & Peripherals › Laptop Accessories › Bags & Sleeves › Laptop Backpacks,‎B08YF9VHTY,"‎Safari, 302-303, A Wing, The Qube CTS No.1498, Andheri East, Mumbai, MH-400059, 302-303, A Wing, The Qube CTS No.1498, A/2, Sir Mathuradas Vasanji Rd, Marol, Andheri East, Mumbai, Maharashtra 400059"
https://www.amazon.in/Fur-Jaden-Rucksack-Backpack-BM43_Blue/dp/B07PS38XSP/ref=sr_1_77?crid=2M096C61O4MLT&keywords=bags&qid=1692638508&sprefix=ba%2Caps%2C283&sr=8-77,"Bags, Wallets and Luggage › Bags & Backpacks › Backpacks › Casual Backpacks",‎B07PS38XSP,"‎Fur Jaden, 3-C, Jai Hind Bld, Dr AM Road, Bhuleshwar, Mumbai 400002, 8080888028"
https://www.amazon.in/Half-Moon-Resistant-Backpack-Compartment/dp/B0BHX7GY16/ref=sr_1_78?crid=2M096C61O4MLT&keywords=bags&qid=1692638508&sprefix=ba%2Caps%2C283&sr=8-78,Computers & Accessories › Accessories & Peripherals › Laptop Accessories › Bags & Sleeves › Laptop Backpacks,‎B0BHX7GY16,‎Amazing Bags
https://www.amazon.in/FUR-JADEN-Backpack-Accessories-Organiser/dp/B0BSHBH9K2/ref=sr_1_79?crid=2M096C61O4MLT&keywords=bags&qid=1692638508&sprefix=ba%2Caps%2C283&sr=8-79,Computers & Accessories › Accessories & Peripherals › Laptop Accessories › Bags & Sleeves › Laptop Backpacks,‎B0BSHBH9K2,"‎Fur Jaden, Fur Jaden, 3C Jai Hind Bld, Dr AM Road, Bhuleshwar, Mumbai 400002"
https://www.amazon.in/DIVULGE-Drawstring-Bag-Sports-Utility/dp/B07PXTDBH4/ref=sr_1_81?crid=2M096C61O4MLT&keywords=bags&qid=1692638521&sprefix=ba%2Caps%2C283&sr=8-81,"Bags, Wallets and Luggage › Bags & Backpacks › Backpacks › Casual Backpacks",‎B07PXTDBH4,‎DIVULGE
https://www.amazon.in/Gear-Beige-Casual-Backpack-BKPTRMP520522/dp/B00VWM11HQ/ref=sr_1_82?crid=2M096C61O4MLT&keywords=bags&qid=1692638521&sprefix=ba%2Caps%2C283&sr=8-82,"Bags, Wallets and Luggage › Bags & Backpacks › Backpacks › Casual Backpacks",‎B00VWM11HQ,"‎Gear Merchandise PVT LTD, Gear Merchandise PVT LTD E/12 West Chowbaga Gulshan colony KoLkata-700100 Contact 9830403366"
https://www.amazon.in/Genie-Ltrs-School-Backpack-CAMELLIA17SBPIN/dp/B07QHMKHWH/ref=sr_1_84?crid=2M096C61O4MLT&keywords=bags&qid=1692638521&sprefix=ba%2Caps%2C283&sr=8-84,"Bags, Wallets and Luggage › Bags & Backpacks › Backpacks › Casual Backpacks",‎B07QHMKHWH,"‎Safari, Safari Industries(India)Ltd.,302-303,A-Wing,The Qube CTS no-1498,A/2,MV road,Marol, Andheri(E), Mumbai-400059, Maharashtra. Phone Number +919819547085, Email Id"
https://www.amazon.in/Arctic-Fox-Backpack-Charging-Laptop/dp/B089QB6D7B/ref=sr_1_85?crid=2M096C61O4MLT&keywords=bags&qid=1692638521&sprefix=ba%2Caps%2C283&sr=8-85,Computers & Accessories › Accessories & Peripherals › Laptop Accessories › Bags & Sleeves › Laptop Backpacks,‎B089QB6D7B,"‎Arctic Fox, Outshiny India Pvt. Ltd., No.17, Ganesh Nagar, 8th B Cross,Narayanappa Layout, Kodigehalli,Bengaluru - 560097."
https://www.amazon.in/Skybags-Unisex-Grey-Jacqard-Laptop/dp/B09ZV9SLBJ/ref=sr_1_86?crid=2M096C61O4MLT&keywords=bags&qid=1692638521&sprefix=ba%2Caps%2C283&sr=8-86,Computers & Accessories › Accessories & Peripherals › Laptop Accessories › Bags & Sleeves › Laptop Backpacks,‎B09ZV9SLBJ,"‎VIP Industries Limited, DGP House, 88C, Old Prabhadevi Road, Prabhadevi, Mumbai 400025. India, VIP Industries Limited, DGP House, 88C, Old Prabhadevi Road, Prabhadevi, Mumbai 400025. India"
https://www.amazon.in/ADISA-Womens-Girls-Party-Crossbody/dp/B0B2WBJ2H8/ref=sr_1_88?crid=2M096C61O4MLT&keywords=bags&qid=1692638521&sprefix=ba%2Caps%2C283&sr=8-88,Fashion › Shoes › Women's Shoes › Deals on Women's Footwear and Handbags,‎B0B2WBJ2H8,"‎ADISA, ADISA INTERNATIONAL, 42/34, Upper Ground Floor, DLF Industrial Area, Kirti Nagar, New Delhi 110015, careadisa@gmail.com"
https://www.amazon.in/ADISA-BP004-Weight-Casual-Backpack/dp/B07G3CG9FC/ref=sr_1_90?crid=2M096C61O4MLT&keywords=bags&qid=1692638521&sprefix=ba%2Caps%2C283&sr=8-90,Computers & Accessories › Accessories & Peripherals › Laptop Accessories › Bags & Sleeves › Laptop Backpacks,‎B07G3CG9FC,"‎ADISA, ADISA INTERNATIONAL, 42/34, Upper Ground Floor, DLF Industrial Area, Kirti Nagar, New Delhi 110015, careadisa@gmail.com"
https://www.amazon.in/Tabelito-NEXA-Backpack-Business-Compartment/dp/B0C2D3YR7T/ref=sr_1_91?crid=2M096C61O4MLT&keywords=bags&qid=1692638521&sprefix=ba%2Caps%2C283&sr=8-91,Computers & Accessories › Accessories & Peripherals › Laptop Accessories › Bags & Sleeves › Laptop Backpacks,‎B0C2D3YR7T,"‎‎Tabelito Trade India, ‎Tabelito Trade India, Tabelito Trade India, Prop No"
https://www.amazon.in/Safari-Overnighter-Resistant-Polyester-Travelling/dp/B097JK3X9D/ref=sr_1_92?crid=2M096C61O4MLT&keywords=bags&qid=1692638521&sprefix=ba%2Caps%2C283&sr=8-92,Computers & Accessories › Accessories & Peripherals › Laptop Accessories › Bags & Sleeves › Laptop Backpacks,‎B097JK3X9D,"‎Safari, Safari Industries Ltd 301/302, A-Wing, The Qube, M.V.Road, Marol, Andheri(East), Near international Airport Mumbai- 400059 +91-22-40381851/838"
https://www.amazon.in/F-Gear-String-Polyester-33-cms-Black-Drawstring-Gym-Bag/dp/B07PC28YQ9/ref=sr_1_93?crid=2M096C61O4MLT&keywords=bags&qid=1692638521&sprefix=ba%2Caps%2C283&sr=8-93,"Bags, Wallets and Luggage › Bags & Backpacks › Gym Bags › Sports Duffles",‎B07PC28YQ9,"‎Uber Fashion Merchandise Pvt. Ltd., Uber Fashion Merchandise Pvt. Ltd. No. 17G/46-3 & 17G/46-3-1 , 1st & 2nd Floor, Industrial Suburb, 2nd Stage, Yeshwantpur, Next to Sapna Books on MEI road, Bangalore – 560 022. INDIA Tel"
https://www.amazon.in/Trajectory-Elegant-15-6-Laptop-Office/dp/B09RK6NCGC/ref=sr_1_94?crid=2M096C61O4MLT&keywords=bags&qid=1692638521&sprefix=ba%2Caps%2C283&sr=8-94,Computers & Accessories › Accessories & Peripherals › Laptop Accessories › Bags & Sleeves › Laptop Messenger & Shoulder Bags,‎B09RK6NCGC,"‎Trajectory Marketing LLP, Customer support contact no"
https://www.amazon.in/Gear-Vintage2-Leather-Backpack-LBPVG2LTH0501/dp/B07G4HH78P/ref=sr_1_96?crid=2M096C61O4MLT&keywords=bags&qid=1692638521&sprefix=ba%2Caps%2C283&sr=8-96,Computers & Accessories › Accessories & Peripherals › Laptop Accessories › Bags & Sleeves › Laptop Backpacks,‎B07G4HH78P,"‎Gear Merchandise PVT LTD, Gear Merchandise PVT LTD E/12 West Chowbaga Gulshan colony KoLkata-700100 Contact 9830403366"
https://www.amazon.in/Half-Moon-Trekking-Bags-Compartment/dp/B08PSX1LN9/ref=sr_1_97?crid=2M096C61O4MLT&keywords=bags&qid=1692638532&sprefix=ba%2Caps%2C283&sr=8-97,Computers & Accessories › Accessories & Peripherals › Laptop Accessories › Bags & Sleeves › Laptop Backpacks,‎B08PSX1LN9,‎AB Amazing Bags
https://www.amazon.in/Gear-Resitant-Backpack-Daypack-College/dp/B0C3MMX619/ref=sr_1_98?crid=2M096C61O4MLT&keywords=bags&qid=1692638532&sprefix=ba%2Caps%2C283&sr=8-98,"Bags, Wallets and Luggage › Bags & Backpacks › Backpacks › Casual Backpacks",‎B0C3MMX619,"‎Gear, Gear Merchandise PVT LTD, E/12 West Chowbaga, Gulshan Colony, Kolkata 700100, Contact 9830403366"
https://www.amazon.in/Fur-Jaden-Charging-Waterproof-BM36_BlueZip/dp/B07MXM5M99/ref=sr_1_99?crid=2M096C61O4MLT&keywords=bags&qid=1692638532&sprefix=ba%2Caps%2C283&sr=8-99,Computers & Accessories › Accessories & Peripherals › Laptop Accessories › Bags & Sleeves › Laptop Backpacks,‎B07MXM5M99,"‎Fur Jaden, 3-C, Jai Hind Bld, Dr AM Road, Bhuleshwar, Mumbai 400002, 8080888028"
https://www.amazon.in/HARISSONS-15-6-inch-Backpack-Organizers-Detachable/dp/B07M5P5LW3/ref=sr_1_100?crid=2M096C61O4MLT&keywords=bags&qid=1692638532&sprefix=ba%2Caps%2C283&sr=8-100,Computers & Accessories › Accessories & Peripherals › Laptop Accessories › Bags & Sleeves › Laptop Backpacks,‎B07M5P5LW3,‎Harissons
https://www.amazon.in/Cosmus-Casual-Backpack-Charger-College/dp/B09HX54TGF/ref=sr_1_101?crid=2M096C61O4MLT&keywords=bags&qid=1692638532&sprefix=ba%2Caps%2C283&sr=8-101,Computers & Accessories › Accessories & Peripherals › Laptop Accessories › Bags & Sleeves › Laptop Backpacks,‎B09HX54TGF,"‎COSMUSBAGS PVT.LTD., 359,Ground Floor Abubakar Chawl Dharavi Main Road, Bagicha Compound, Dharavi Mumbai,400017 Mobile"
https://www.amazon.in/Gear-Workspace-Briefcase-Black-Red-BKPWRPHYD0101/dp/B097KGL2M5/ref=sr_1_102?crid=2M096C61O4MLT&keywords=bags&qid=1692638532&sprefix=ba%2Caps%2C283&sr=8-102,Computers & Accessories › Accessories & Peripherals › Laptop Accessories › Bags & Sleeves › Laptop Backpacks,‎B097KGL2M5,"‎Gear, Gear Merchandise Pvt Ltd, E/12 West Chowbaga Gulshan Colony, Kolkata-700100"
https://www.amazon.in/ADISA-Laptop-Backpack-Office-College/dp/B0BPVLXD53/ref=sr_1_103?crid=2M096C61O4MLT&keywords=bags&qid=1692638532&sprefix=ba%2Caps%2C283&sr=8-103,Computers & Accessories › Accessories & Peripherals › Laptop Accessories › Bags & Sleeves › Laptop Backpacks,‎B0BPVLXD53,"‎ADISA, ADISA INTERNATIONAL, 42/34, Upper Ground Floor, DLF Industrial Area, Kirti Nagar, New Delhi 110015, careadisa@gmail.com"
https://www.amazon.in/American-Tourister-AMT-SCH-BAG02/dp/B07CGN5QV2/ref=sr_1_104?crid=2M096C61O4MLT&keywords=bags&qid=1692638532&sprefix=ba%2Caps%2C283&sr=8-104,"Bags, Wallets and Luggage › Bags & Backpacks › Backpacks › Casual Backpacks",‎B07CGN5QV2,"‎American Tourister, Samsonite India"
https://www.amazon.in/Gear-Training-Travel-Duffel-DUFCRSTNG4314/dp/B098FG3GVX/ref=sr_1_105?crid=2M096C61O4MLT&keywords=bags&qid=1692638532&sprefix=ba%2Caps%2C283&sr=8-105,"Bags, Wallets and Luggage › Bags & Backpacks › Gym Bags › Sports Duffles",‎B098FG3GVX,"‎Gear Merchandise Pvt Ltd, Gear Merchandise Pvt Ltd, E/12 West Chowbaga Gulshan Colony, Kolkata-700100"
https://www.amazon.in/Wildcraft-Music-Backpack-Green-11954/dp/B07N2SBX54/ref=sr_1_106?crid=2M096C61O4MLT&keywords=bags&qid=1692638532&sprefix=ba%2Caps%2C283&sr=8-106,"Bags, Wallets and Luggage › Bags & Backpacks › Backpacks › Casual Backpacks",‎B07N2SBX54,‎Wildcraft
https://www.amazon.in/ROZEN-School-partition-Collage-Backpack/dp/B0BRTDXVZC/ref=sr_1_107?crid=2M096C61O4MLT&keywords=bags&qid=1692638532&sprefix=ba%2Caps%2C283&sr=8-107,Computers & Accessories › Accessories & Peripherals › Laptop Accessories › Bags & Sleeves › Laptop Backpacks,‎B0BRTDXVZC,"‎ROZEN, ROZEN"
https://www.amazon.in/Hammonds-Flycatcher-Genuine-Leather-Messenger/dp/B07MDTVDQH/ref=sr_1_109?crid=2M096C61O4MLT&keywords=bags&qid=1692638532&sprefix=ba%2Caps%2C283&sr=8-109,Computers & Accessories › Accessories & Peripherals › Laptop Accessories › Bags & Sleeves › Laptop Messenger & Shoulder Bags,‎B07MDTVDQH,"‎Hindustan Foam, Kolkata 700039, Hindustan Foam, Kolkata 700039, 033 2345 7170"
https://www.amazon.in/Lavie-Beech-Womens-Satchel-Handbag/dp/B096KTWTXC/ref=sr_1_110?crid=2M096C61O4MLT&keywords=bags&qid=1692638532&sprefix=ba%2Caps%2C283&sr=8-110,"Shoes & Handbags › Handbags, Purses & Clutches › Handbags › Satchels",‎B096KTWTXC,"‎Bagzone Lifestyle Pvt Ltd, Bagzone Lifestyle Pvt Ltd | | LAVIE 402, Ackruti Star, MIDC Central Road, Andheri East, Mumbai – 400093."
https://www.amazon.in/F-Gear-Milestone-Casual-Laptop-Backpack/dp/B08FX1R6WY/ref=sr_1_111?crid=2M096C61O4MLT&keywords=bags&qid=1692638532&sprefix=ba%2Caps%2C283&sr=8-111,Computers & Accessories › Accessories & Peripherals › Laptop Accessories › Bags & Sleeves › Laptop Backpacks,‎B08FX1R6WY,"‎Uber Fashion Merchandise Pvt Ltd, Uber Fashion Merchandise Pvt Ltd 17G 46 3 1Flr 2Stage Yeshwantpur Bangalore560022 contact@fgear.in 9066161590"
https://www.amazon.in/Safari-Formal-Backpack-Anti-Theft-VAULT19CBBLK/dp/B07XSTR69N/ref=sr_1_112?crid=2M096C61O4MLT&keywords=bags&qid=1692638532&sprefix=ba%2Caps%2C283&sr=8-112,Computers & Accessories › Accessories & Peripherals › Laptop Accessories › Bags & Sleeves › Laptop Backpacks,‎B07XSTR69N,"‎Safari Industries (India) Ltd, Safari Industries Ltd 301/302, A-Wing, The Qube, M.V.Road, Marol, Andheri(East), Near international Airport Mumbai- 400059 +91-22-40381851/838"
https://www.amazon.in/ADISA-Womens-Girls-Party-Crossbody/dp/B0B2WBJ2H8/ref=sr_1_113?crid=2M096C61O4MLT&keywords=bags&qid=1692638536&sprefix=ba%2Caps%2C283&sr=8-113,Fashion › Shoes › Women's Shoes › Deals on Women's Footwear and Handbags,‎B0B2WBJ2H8,"‎ADISA, ADISA INTERNATIONAL, 42/34, Upper Ground Floor, DLF Industrial Area, Kirti Nagar, New Delhi 110015, careadisa@gmail.com"
https://www.amazon.in/Mokobara-Transit-Backpack-Laptop-Sunray/dp/B09V7R98XC/ref=sr_1_114?crid=2M096C61O4MLT&keywords=bags&qid=1692638536&sprefix=ba%2Caps%2C283&sr=8-114,Computers & Accessories › Accessories & Peripherals › Laptop Accessories › Bags & Sleeves › Laptop Backpacks,‎B09V7R98XC,"‎Designed By Mokobara Lifestyle Private Limited, Bangalore., Designed By Mokobara"
https://www.amazon.in/Safari-Polyester-Cms-Travel-KRYPTON17DFBLU_Blue/dp/B097L2RSF1/ref=sr_1_117?crid=2M096C61O4MLT&keywords=bags&qid=1692638536&sprefix=ba%2Caps%2C283&sr=8-117,"Fashion › Deals on shoes, watches, luggage & jewellery › Deals on watches, jewellery & luggage › Luggage",‎B097L2RSF1,"‎Safari, Safari Industries (India) Ltd, Safari Industries Ltd 301/302, A-Wing, The Qube, M.V.Road, Marol, Andheri(East), Near international Airport Mumbai- 400059 +91-22-40381851/838"
https://www.amazon.in/BEAUTY-GIRLS-HOTSHOT-School-1565/dp/B0BFXCHQZ5/ref=sr_1_119?crid=2M096C61O4MLT&keywords=bags&qid=1692638536&sprefix=ba%2Caps%2C283&sr=8-119,"Bags, Wallets and Luggage › Bags & Backpacks › Backpacks › Casual Backpacks",‎B0BFXCHQZ5,"‎SHRI SALASAR ENTERPRISES, teamhotshot1992@gmail.com"
https://www.amazon.in/ADISA-laptop-backpack-office-college/dp/B0BXQD8DZX/ref=sr_1_120?crid=2M096C61O4MLT&keywords=bags&qid=1692638536&sprefix=ba%2Caps%2C283&sr=8-120,Computers & Accessories › Accessories & Peripherals › Laptop Accessories › Bags & Sleeves › Laptop Backpacks,‎B0BXQD8DZX,"‎ADISA, ADISA INTERNATIONAL, 42/34, Upper Ground Floor, DLF Industrial Area, Kirti Nagar, New Delhi 110015, careadisa@gmail.com"
https://www.amazon.in/Tabelito%C2%AE-Delta-Waterproof-Backpack-Compatible/dp/B0BLK2RL23/ref=sr_1_122?crid=2M096C61O4MLT&keywords=bags&qid=1692638536&sprefix=ba%2Caps%2C283&sr=8-122,Computers & Accessories › Accessories & Peripherals › Laptop Accessories › Bags & Sleeves › Laptop Backpacks,‎B0BLK2RL23,"‎‎Tabelito Trade India, ‎Tabelito Trade India, ‎Tabelito, Prop No"
https://www.amazon.in/SFANE-Polyester-Shoulder-Separate-Compartment/dp/B08KG7J7L5/ref=sr_1_124?crid=2M096C61O4MLT&keywords=bags&qid=1692638536&sprefix=ba%2Caps%2C283&sr=8-124,"Bags, Wallets and Luggage › Bags & Backpacks › Gym Bags › Sports Duffles",‎B08KG7J7L5,"‎Sfane, Sfane Trends"
https://www.amazon.in/Derben-Fabric-Leather-Laptop-Messenger/dp/B08TVL3MWJ/ref=sr_1_125?crid=2M096C61O4MLT&keywords=bags&qid=1692638536&sprefix=ba%2Caps%2C283&sr=8-125,Computers & Accessories › Accessories & Peripherals › Laptop Accessories › Bags & Sleeves › Laptop Messenger & Shoulder Bags,‎B08TVL3MWJ,‎Derben Clove
https://www.amazon.in/Genie-Miami-litres-Casual-Backpack/dp/B07SRGGGNC/ref=sr_1_126?crid=2M096C61O4MLT&keywords=bags&qid=1692638536&sprefix=ba%2Caps%2C283&sr=8-126,Computers & Accessories › Accessories & Peripherals › Laptop Accessories › Bags & Sleeves › Laptop Backpacks,‎B07SRGGGNC,"‎Safari, Safari Industries(India)Ltd.,302-303,A-Wing,The Qube CTS no-1498,A/2,MV road,Marol, Andheri(E), Mumbai-400059, Maharashtra. Phone Number +919819547085, Email Id"
https://www.amazon.in/F-Gear-Spartan-Black-Laptop-Backpack/dp/B07X82WYGL/ref=sr_1_128?crid=2M096C61O4MLT&keywords=bags&qid=1692638536&sprefix=ba%2Caps%2C283&sr=8-128,Computers & Accessories › Accessories & Peripherals › Laptop Accessories › Bags & Sleeves › Laptop Backpacks,‎B07X82WYGL,"‎Uber Fashion Merchandise Pvt. Ltd., Uber Fashion Merchandise Pvt. Ltd. No. 17G/46-3 & 17G/46-3-1 , 1st & 2nd Floor, Industrial Suburb, 2nd Stage, Yeshwantpur, Next to Sapna Books on MEI road, Bangalore – 560 022. INDIA Tel"
https://www.amazon.in/BEAUTY-GIRLS-HOTSHOT-School-1565/dp/B0BFXCHQZ5/ref=sr_1_129?crid=2M096C61O4MLT&keywords=bags&qid=1692638540&sprefix=ba%2Caps%2C283&sr=8-129,"Bags, Wallets and Luggage › Bags & Backpacks › Backpacks › Casual Backpacks",‎B0BFXCHQZ5,"‎SHRI SALASAR ENTERPRISES, teamhotshot1992@gmail.com"
https://www.amazon.in/Business-Casual-Resistant-Laptop-Backpack/dp/B0862V2GKH/ref=sr_1_130?crid=2M096C61O4MLT&keywords=bags&qid=1692638540&sprefix=ba%2Caps%2C283&sr=8-130,Computers & Accessories › Accessories & Peripherals › Laptop Accessories › Bags & Sleeves › Laptop Backpacks,‎B0862V2GKH,"‎Korrun India Pvt. Lts, Korrun India Pvt. Lts., Plot No.25, P2(4&X), 1st Phase, Bidadi Industrial area, Bangalore-562109, Karnataka"
https://www.amazon.in/Half-Moon-Trekking-Bags-Compartment/dp/B08PSX1LN9/ref=sr_1_131?crid=2M096C61O4MLT&keywords=bags&qid=1692638540&sprefix=ba%2Caps%2C283&sr=8-131,Computers & Accessories › Accessories & Peripherals › Laptop Accessories › Bags & Sleeves › Laptop Backpacks,‎B08PSX1LN9,‎AB Amazing Bags
https://www.amazon.in/HYDER-Superhero-Lightweight-Spacious-Waterproof/dp/B0BJ6CTJ3Q/ref=sr_1_132?crid=2M096C61O4MLT&keywords=bags&qid=1692638540&sprefix=ba%2Caps%2C283&sr=8-132,"Bags, Wallets and Luggage › Bags & Backpacks › Backpacks › Casual Backpacks",‎B0BJ6CTJ3Q,‎Bharat Engineering Company Add
https://www.amazon.in/Lino-Perros-Womens-Floral-Peach/dp/B0B57B7KV7/ref=sr_1_134?crid=2M096C61O4MLT&keywords=bags&qid=1692638540&sprefix=ba%2Caps%2C283&sr=8-134,"Shoes & Handbags › Handbags, Purses & Clutches › Handbags › Totes",‎B0B57B7KV7,"‎SUMITSU APPAREL PVT. LTD, Plot No. 324, Phase IV, Sector 18, Gurugram, Haryana ,, SUMITSU APPAREL PVT. LTD, Plot No. 324, Phase IV, Sector 18, Gurugram, Haryana , 122016, Ph. 0124 234 0217"
https://www.amazon.in/Tabelito-NEO-Backpack-Business-Compartment/dp/B0C2D24G29/ref=sr_1_135?crid=2M096C61O4MLT&keywords=bags&qid=1692638540&sprefix=ba%2Caps%2C283&sr=8-135,Computers & Accessories › Accessories & Peripherals › Laptop Accessories › Bags & Sleeves › Laptop Backpacks,‎B0C2D24G29,"‎‎Tabelito Trade India, ‎Tabelito Trade India, Tabelito Trade India, Prop No"
https://www.amazon.in/NORTH-ZONE-Lightweight-Backpacks-Stylish/dp/B0BL3S5NC1/ref=sr_1_136?crid=2M096C61O4MLT&keywords=bags&qid=1692638540&sprefix=ba%2Caps%2C283&sr=8-136,Computers & Accessories › Accessories & Peripherals › Laptop Accessories › Bags & Sleeves › Laptop Backpacks,‎B0BL3S5NC1,"‎Northzone, Plot no 35 to 40 KH.No. 28/2 Ground Floor Agar Nagar Prem Nagar Phase 3 Delhi 110086"
https://www.amazon.in/AirCase-C30-Messenger-Compartments-Multi-Pockets/dp/B07V47HHRG/ref=sr_1_139?crid=2M096C61O4MLT&keywords=bags&qid=1692638540&sprefix=ba%2Caps%2C283&sr=8-139,Computers & Accessories › Accessories & Peripherals › Laptop Accessories › Bags & Sleeves › Laptop Messenger & Shoulder Bags,‎B07V47HHRG,"‎AirCase, ‎GIZGA ESSENTIALS, M S INNOVATIVE SOLUTIONS LIMITED UNIT-24/7, 7TH FLOOR, GOLDFIELD IND CENTRE, 1 SUI WO ROAD, FOTAN SHATIN, N.T. HONG KONG"
https://www.amazon.in/Aristocrat-Plastic-Rotation-Luggage-Suitcase/dp/B0BRN2Z9CG/ref=sr_1_140?crid=2M096C61O4MLT&keywords=bags&qid=1692638540&sprefix=ba%2Caps%2C283&sr=8-140,"Fashion › Deals on shoes, watches, luggage & jewellery › Deals on watches, jewellery & luggage › Luggage",‎B0BRN2Z9CG,"‎VIP Industries Ltd. DGP House, Prabhadevi, Mumbai, VIP Industries Limited, DGP House, 88C, Old Prabhadevi Road, Prabhadevi, Mumbai 400025. India"
https://www.amazon.in/Frantic-Velvet-School-Nursery-Travelling/dp/B09176PYDR/ref=sr_1_144?crid=2M096C61O4MLT&keywords=bags&qid=1692638540&sprefix=ba%2Caps%2C283&sr=8-144,"Bags, Wallets and Luggage › Bags & Backpacks › Backpacks › Casual Backpacks",‎B09176PYDR,‎Frantic
https://www.amazon.in/F-Gear-Spartan-Black-Laptop-Backpack/dp/B07X82WYGL/ref=sr_1_145?crid=2M096C61O4MLT&keywords=bags&qid=1692638548&sprefix=ba%2Caps%2C283&sr=8-145,Computers & Accessories › Accessories & Peripherals › Laptop Accessories › Bags & Sleeves › Laptop Backpacks,‎B07X82WYGL,"‎Uber Fashion Merchandise Pvt. Ltd., Uber Fashion Merchandise Pvt. Ltd. No. 17G/46-3 & 17G/46-3-1 , 1st & 2nd Floor, Industrial Suburb, 2nd Stage, Yeshwantpur, Next to Sapna Books on MEI road, Bangalore – 560 022. INDIA Tel"
https://www.amazon.in/Skybags-Unisex-Black-Jacqard-Laptop/dp/B09ZV81F6M/ref=sr_1_146?crid=2M096C61O4MLT&keywords=bags&qid=1692638548&sprefix=ba%2Caps%2C283&sr=8-146,Computers & Accessories › Accessories & Peripherals › Laptop Accessories › Bags & Sleeves › Laptop Backpacks,‎B09ZV81F6M,"‎VIP Industries Limited, DGP House, 88C, Old Prabhadevi Road, Prabhadevi, Mumbai 400025. India, VIP Industries Limited, DGP House, 88C, Old Prabhadevi Road, Prabhadevi, Mumbai 400025. India"
https://www.amazon.in/Gear-Executive-Anti-Theft-Backpack-BKPPKREXE0101/dp/B097KCMQKG/ref=sr_1_147?crid=2M096C61O4MLT&keywords=bags&qid=1692638548&sprefix=ba%2Caps%2C283&sr=8-147,Computers & Accessories › Accessories & Peripherals › Laptop Accessories › Bags & Sleeves › Laptop Backpacks,‎B097KCMQKG,"‎Gear, Gear Merchandise Pvt Ltd, E/12 West Chowbaga Gulshan Colony, Kolkata-700100"
https://www.amazon.in/Classic-Leather-Laptop-Backpack-LBPCLSLTH1901/dp/B07G4CYC74/ref=sr_1_148?crid=2M096C61O4MLT&keywords=bags&qid=1692638548&sprefix=ba%2Caps%2C283&sr=8-148,Computers & Accessories › Accessories & Peripherals › Laptop Accessories › Bags & Sleeves › Laptop Backpacks,‎B07G4CYC74,"‎Gear Merchandise PVT LTD, Gear Merchandise PVT LTD E/12 West Chowbaga Gulshan colony KoLkata-700100 Contact 9830403366"
https://www.amazon.in/Gear-Vintage2-Leather-Backpack-LBPVG2LTH1901/dp/B07G4F3758/ref=sr_1_149?crid=2M096C61O4MLT&keywords=bags&qid=1692638548&sprefix=ba%2Caps%2C283&sr=8-149,Computers & Accessories › Accessories & Peripherals › Laptop Accessories › Bags & Sleeves › Laptop Backpacks,‎B07G4F3758,"‎Gear, Gear Merchandise PVT LTD E/12 West Chowbaga Gulshan colony KoLkata-700100 Contact 9830403366"
https://www.amazon.in/Martucci-Waterproof-Backpack-College-Business/dp/B0BRJRVH6D/ref=sr_1_150?crid=2M096C61O4MLT&keywords=bags&qid=1692638548&sprefix=ba%2Caps%2C283&sr=8-150,Computers & Accessories › Accessories & Peripherals › Laptop Accessories › Bags & Sleeves › Laptop Backpacks,‎B0BRJRVH6D,‎Martucci
https://www.amazon.in/Puma-7685302-teamGOAL-Gym-Sack/dp/B09JSY8X89/ref=sr_1_152?crid=2M096C61O4MLT&keywords=bags&qid=1692638548&sprefix=ba%2Caps%2C283&sr=8-152,"Bags, Wallets and Luggage › Bags & Backpacks › Gym Bags › Sports Duffles",‎B09JSY8X89,"‎Puma, Kanaan Saigon Co., Ltd. DUC HOA HA VILLAGE DUC HOA TOWN 853950 - LONG AN PROVINCE"
https://www.amazon.in/Lavie-Sport-Duffle-Luggage-Wheeler/dp/B0992JCN1W/ref=sr_1_153?crid=2M096C61O4MLT&keywords=bags&qid=1692638548&sprefix=ba%2Caps%2C283&sr=8-153,"Fashion › Deals on shoes, watches, luggage & jewellery › Deals on watches, jewellery & luggage › Luggage",‎B0992JCN1W,"‎Bagzone Lifestyle Pvt Ltd, Bagzone Lifestyle Pvt Ltd | | LAVIE 402, Ackruti Star, MIDC Central Road, Andheri East, Mumbai – 400093"
https://www.amazon.in/Glowic-Unisexs-Backpack-College-Students/dp/B0BGX9W69N/ref=sr_1_154?crid=2M096C61O4MLT&keywords=bags&qid=1692638548&sprefix=ba%2Caps%2C283&sr=8-154,"Bags, Wallets and Luggage › Bags & Backpacks › Backpacks › Casual Backpacks",‎B0BGX9W69N,"‎N HUB, N HUB,KATARGAM<SURAT<GUJARAT,INDIA-395004"
https://www.amazon.in/Sfane-Women-Trendy-Black-Duffel/dp/B07GCR84D9/ref=sr_1_155?crid=2M096C61O4MLT&keywords=bags&qid=1692638548&sprefix=ba%2Caps%2C283&sr=8-155,"Bags, Wallets and Luggage › Bags & Backpacks › Gym Bags › Sports Duffles",‎B07GCR84D9,"‎Sfane, Sfane Trends Pvt Limited"
https://www.amazon.in/Mammon-Womens-Handbag-plain-tan-35x35/dp/B07LBC7Z59/ref=sr_1_157?crid=2M096C61O4MLT&keywords=bags&qid=1692638548&sprefix=ba%2Caps%2C283&sr=8-157,Fashion › Shoes & handbags steal deals › Steal Deals - Women's Footwear & Handbags › Handbags › Valentine's Special Offer | Handbags,‎B07LBC7Z59,"‎Retail Studio, Retail studio, 461, Rz-55,Gali 4, chandan colony, IGNOU Main Rd, Saidulajab, New Delhi, Delhi 110069"
https://www.amazon.in/HYDER-Superhero-Lightweight-Spacious-Waterproof/dp/B0BJ6CTJ3Q/ref=sr_1_159?crid=2M096C61O4MLT&keywords=bags&qid=1692638548&sprefix=ba%2Caps%2C283&sr=8-159,"Bags, Wallets and Luggage › Bags & Backpacks › Backpacks › Casual Backpacks",‎B0BJ6CTJ3Q,‎Bharat Engineering Company Add
https://www.amazon.in/Half-Moon-Spacious-Backpack-Compartment/dp/B0C23BYDML/ref=sr_1_160?crid=2M096C61O4MLT&keywords=bags&qid=1692638548&sprefix=ba%2Caps%2C283&sr=8-160,Computers & Accessories › Accessories & Peripherals › Laptop Accessories › Bags & Sleeves › Laptop Backpacks,‎B0C23BYDML,‎Half_Moon (AB Amazing Bags)
https://www.amazon.in/Skybags-Cardiff-Polyester-Travel-DFTCAR62EBLU/dp/B073JZ9QGR/ref=sr_1_163?crid=2M096C61O4MLT&keywords=bags&qid=1692638551&sprefix=ba%2Caps%2C283&sr=8-163,"Fashion › Deals on shoes, watches, luggage & jewellery › Deals on watches, jewellery & luggage › Luggage",‎B073JZ9QGR,"‎Skybags, VIP Industries Ltd, DGP House, 5 th Floor, 88C Old Prabhadevi Road, Mumbai, Maharashtra - 400025; 24X7 Toll Free Helpline No. 1800-1022-256"
https://www.amazon.in/Waterproof-Capacity-Backpack-Teenage-Rucksack/dp/B0CDHD9BZD/ref=sr_1_164?crid=2M096C61O4MLT&keywords=bags&qid=1692638551&sprefix=ba%2Caps%2C283&sr=8-164,Computers & Accessories › Accessories & Peripherals › Laptop Accessories › Bags & Sleeves › Laptop Backpacks,‎B0CDHD9BZD,"‎KRESHU IMPEX, KRESHU IMPEX"
https://www.amazon.in/DZert-Rumble-School-Backpacks-Cartoon/dp/B0994PHBSL/ref=sr_1_165?crid=2M096C61O4MLT&keywords=bags&qid=1692638551&sprefix=ba%2Caps%2C283&sr=8-165,Toys & Games › Prime Day › Toddler toys: 25%-60% off,‎B0994PHBSL,"‎Rushi Enterprise, Rushi Enterprise"
https://www.amazon.in/Half-Moon-Laptop-Backpack-Polyester/dp/B09CMS3K2S/ref=sr_1_166?crid=2M096C61O4MLT&keywords=bags&qid=1692638551&sprefix=ba%2Caps%2C283&sr=8-166,Computers & Accessories › Accessories & Peripherals › Laptop Accessories › Bags & Sleeves › Laptop Backpacks,‎B09CMS3K2S,‎Half_Moon
https://www.amazon.in/Half-Moon-Waterproof-Laptop-Backpack/dp/B09QM8XTXP/ref=sr_1_168?crid=2M096C61O4MLT&keywords=bags&qid=1692638551&sprefix=ba%2Caps%2C283&sr=8-168,Computers & Accessories › Accessories & Peripherals › Laptop Accessories › Bags & Sleeves › Laptop Backpacks,‎B09QM8XTXP,‎Half_Moon
https://www.amazon.in/POLESTAR-backpack-Backpack-College-Students/dp/B08X2KRL8B/ref=sr_1_169?crid=2M096C61O4MLT&keywords=bags&qid=1692638551&sprefix=ba%2Caps%2C283&sr=8-169,"Bags, Wallets and Luggage › Bags & Backpacks › Backpacks › Casual Backpacks",‎B08X2KRL8B,"‎POLESTAR, JAI AMBAY ENTERPRISES ,03AAFFJ0421M1ZQ, B -29 ,Sports & Surgical complex,Kapurthala Road, Jalandhar Punjab 140021 India . +91 9914112308 , polestarbags@gmail.com"
https://www.amazon.in/Tabelito-NEO-Backpack-Business-Compartment/dp/B0C2D2Q52R/ref=sr_1_170?crid=2M096C61O4MLT&keywords=bags&qid=1692638551&sprefix=ba%2Caps%2C283&sr=8-170,Computers & Accessories › Accessories & Peripherals › Laptop Accessories › Bags & Sleeves › Laptop Backpacks,‎B0C2D2Q52R,"‎‎Tabelito Trade India, ‎Tabelito Trade India, Tabelito Trade India, Prop No"
https://www.amazon.in/Aristocrat-Zeal-Unisex-Grey-Laptop/dp/B0B5YHC1W5/ref=sr_1_171?crid=2M096C61O4MLT&keywords=bags&qid=1692638551&sprefix=ba%2Caps%2C283&sr=8-171,Computers & Accessories › Accessories & Peripherals › Laptop Accessories › Bags & Sleeves › Laptop Messenger & Shoulder Bags,‎B0B5YHC1W5,"‎VIP Industries Ltd. DGP House, 5th Floor, 88C Old Prabhadevi Road, Mumbai 400025, VIP Industries Limited, DGP House, 88C, Old Prabhadevi Road, Prabhadevi, Mumbai 400025. India'."
https://www.amazon.in/Skybags-Unisex-Gucci-Fabric-Backpacks/dp/B0B21X2F95/ref=sr_1_173?crid=2M096C61O4MLT&keywords=bags&qid=1692638551&sprefix=ba%2Caps%2C283&sr=8-173,"Bags, Wallets and Luggage › Bags & Backpacks › Backpacks › Casual Backpacks",‎B0B21X2F95,"‎VIP Industries Limited, DGP House, 88C, Old Prabhadevi Road, Prabhadevi, Mumbai 400025. India, VIP Industries Limited, DGP House, 88C, Old Prabhadevi Road, Prabhadevi, Mumbai 400025. India"
https://www.amazon.in/Tabelito-Laptop-Backpack-15-6-inch-Repellent/dp/B08Y5S6C2P/ref=sr_1_176?crid=2M096C61O4MLT&keywords=bags&qid=1692638551&sprefix=ba%2Caps%2C283&sr=8-176,Computers & Accessories › Accessories & Peripherals › Laptop Accessories › Bags & Sleeves › Laptop Backpacks,‎B08Y5S6C2P,"‎Tabelito Trade India, Tabelito Trade India, Prop No"
https://www.amazon.in/Arctic-Fox-Backpack-Charging-Laptop/dp/B08RS6FXYT/ref=sr_1_177?crid=2M096C61O4MLT&keywords=bags&qid=1692638555&sprefix=ba%2Caps%2C283&sr=8-177,Computers & Accessories › Accessories & Peripherals › Laptop Accessories › Bags & Sleeves › Laptop Backpacks,‎B08RS6FXYT,"‎Outshiny India Pvt. Ltd, Outshiny India Pvt. Ltd., No.17, Ganesh Nagar, 8th B Cross,Narayanappa Layout, Kodigehalli,Bengaluru - 560097."
https://www.amazon.in/Half-Moon-Waterproof-Backpack-Grey/dp/B09688CSCZ/ref=sr_1_179?crid=2M096C61O4MLT&keywords=bags&qid=1692638555&sprefix=ba%2Caps%2C283&sr=8-179,Computers & Accessories › Accessories & Peripherals › Laptop Accessories › Bags & Sleeves › Laptop Backpacks,‎B09688CSCZ,‎Half_Moon (AB Amazing Bags)
https://www.amazon.in/POLESTAR-Backpack-compartment-suitable-warranty/dp/B09XT8DF2H/ref=sr_1_180?crid=2M096C61O4MLT&keywords=bags&qid=1692638555&sprefix=ba%2Caps%2C283&sr=8-180,Computers & Accessories › Accessories & Peripherals › Laptop Accessories › Bags & Sleeves › Laptop Backpacks,‎B09XT8DF2H,‎Scale Polestar Pvt. Ltd.
https://www.amazon.in/Tabelito-NEO-Backpack-Business-Compartment/dp/B0C2D24G29/ref=sr_1_182?crid=2M096C61O4MLT&keywords=bags&qid=1692638555&sprefix=ba%2Caps%2C283&sr=8-182,Computers & Accessories › Accessories & Peripherals › Laptop Accessories › Bags & Sleeves › Laptop Backpacks,‎B0C2D24G29,"‎‎Tabelito Trade India, ‎Tabelito Trade India, Tabelito Trade India, Prop No"
https://www.amazon.in/NORTH-ZONE-Lightweight-Backpacks-Stylish/dp/B0BL3S5NC1/ref=sr_1_183?crid=2M096C61O4MLT&keywords=bags&qid=1692638555&sprefix=ba%2Caps%2C283&sr=8-183,Computers & Accessories › Accessories & Peripherals › Laptop Accessories › Bags & Sleeves › Laptop Backpacks,‎B0BL3S5NC1,"‎Northzone, Plot no 35 to 40 KH.No. 28/2 Ground Floor Agar Nagar Prem Nagar Phase 3 Delhi 110086"
https://www.amazon.in/Lunars-Router-Resistant-Raincover-Organiser/dp/B08YR63B9M/ref=sr_1_184?crid=2M096C61O4MLT&keywords=bags&qid=1692638555&sprefix=ba%2Caps%2C283&sr=8-184,Computers & Accessories › Accessories & Peripherals › Laptop Accessories › Bags & Sleeves › Laptop Backpacks,‎B08YR63B9M,"‎Akshaya Rubbers, Hebbal Industrial Area, Mysore, 7022982998"
https://www.amazon.in/F-Gear-Raider-Marpat-Navy-Backpack/dp/B07F1157TV/ref=sr_1_185?crid=2M096C61O4MLT&keywords=bags&qid=1692638555&sprefix=ba%2Caps%2C283&sr=8-185,"Bags, Wallets and Luggage › Bags & Backpacks › Backpacks › Casual Backpacks",‎B07F1157TV,"‎Uber Fashion Merchandise Pvt. Ltd., Uber Fashion Merchandise Pvt. Ltd. No. 17G/46-3 & 17G/46-3-1 , 1st & 2nd Floor, Industrial Suburb, 2nd Stage, Yeshwantpur, Next to Sapna Books on MEI road, Bangalore – 560 022. INDIA Tel"
https://www.amazon.in/HAMMONDS-FLYCATCHER-Laptop-Bag-Men/dp/B083M1QK32/ref=sr_1_186?crid=2M096C61O4MLT&keywords=bags&qid=1692638555&sprefix=ba%2Caps%2C283&sr=8-186,Computers & Accessories › Accessories & Peripherals › Laptop Accessories › Bags & Sleeves › Laptop Messenger & Shoulder Bags,‎B083M1QK32,"‎Hindustan Foam, Hindustan Foam, 16m Golam Jilani Khan Road, Kolkata 700039, Contact"
https://www.amazon.in/BEAUTY-GIRLS-HOTSHOT1570-Backpack-Waterproof/dp/B0BYDR7W41/ref=sr_1_187?crid=2M096C61O4MLT&keywords=bags&qid=1692638555&sprefix=ba%2Caps%2C283&sr=8-187,"Bags, Wallets and Luggage › Bags & Backpacks › Backpacks › Casual Backpacks",‎B0BYDR7W41,"‎SHRI SALASAR ENTERPRISES, SHRI SALASAR ENTERPRISES"
https://www.amazon.in/ZOUK-Printed-Handmade-Leather-handles/dp/B07NHYLTY7/ref=sr_1_188?crid=2M096C61O4MLT&keywords=bags&qid=1692638555&sprefix=ba%2Caps%2C283&sr=8-188,Computers & Accessories › Accessories & Peripherals › Laptop Accessories › Bags & Sleeves › Laptop Messenger & Shoulder Bags,‎B07NHYLTY7,"‎Seaturtle Pvt. Ltd. Thakur Compound, 2nd Floor, 3, USV Lane, Deonar, Mumbai, Maharashtra 400088, Sea Turtle Pvt Ltd, Near Kalher Village, Building No 1-6/H No 196/Gala No 1-5, 1st Floor, Shree Arihant Complex, Bhiwandi Road, Kopar, Bhiwandi, Thane, Maharashtra - 421302"
https://www.amazon.in/AirCase-C30-Messenger-Compartments-Multi-Pockets/dp/B07V47HHRG/ref=sr_1_190?crid=2M096C61O4MLT&keywords=bags&qid=1692638555&sprefix=ba%2Caps%2C283&sr=8-190,Computers & Accessories › Accessories & Peripherals › Laptop Accessories › Bags & Sleeves › Laptop Messenger & Shoulder Bags,‎B07V47HHRG,"‎AirCase, ‎GIZGA ESSENTIALS, M S INNOVATIVE SOLUTIONS LIMITED UNIT-24/7, 7TH FLOOR, GOLDFIELD IND CENTRE, 1 SUI WO ROAD, FOTAN SHATIN, N.T. HONG KONG"
https://www.amazon.in/Girls-1523-Polyester-Designer-Waterproof-Bag-Backpack/dp/B08F9YVKT1/ref=sr_1_191?crid=2M096C61O4MLT&keywords=bags&qid=1692638555&sprefix=ba%2Caps%2C283&sr=8-191,"Bags, Wallets and Luggage › Bags & Backpacks › Backpacks › Casual Backpacks",‎B08F9YVKT1,‎Shri Salasar Enterprises
https://www.amazon.in/Martucci-Waterproof-Backpack-College-Business/dp/B0BRJRVH6D/ref=sr_1_193?crid=2M096C61O4MLT&keywords=bags&qid=1692638558&sprefix=ba%2Caps%2C283&sr=8-193,Computers & Accessories › Accessories & Peripherals › Laptop Accessories › Bags & Sleeves › Laptop Backpacks,‎B0BRJRVH6D,‎Martucci
https://www.amazon.in/American-Tourister-Casual-Travel-Duffle/dp/B00FRCNRPQ/ref=sr_1_195?crid=2M096C61O4MLT&keywords=bags&qid=1692638558&sprefix=ba%2Caps%2C283&sr=8-195,"Fashion › Deals on shoes, watches, luggage & jewellery › Deals on watches, jewellery & luggage › Luggage",‎B00FRCNRPQ,"‎American Tourister, Samsonite"
https://www.amazon.in/Gear-ltr-Black-Orange-DUFPRO2000106/dp/B00Z93WSVW/ref=sr_1_196?crid=2M096C61O4MLT&keywords=bags&qid=1692638558&sprefix=ba%2Caps%2C283&sr=8-196,"Fashion › Deals on shoes, watches, luggage & jewellery › Deals on watches, jewellery & luggage › Luggage",‎B00Z93WSVW,"‎Gear Merchandise PVT LTD, Gear Merchandise PVT LTD E/12 West Chowbaga Gulshan colony KoLkata-700100 Contact 9830403366"
https://www.amazon.in/Safari-Swagpack-Backpack-Compartments-Raincover/dp/B09B25QMKY/ref=sr_1_197?crid=2M096C61O4MLT&keywords=bags&qid=1692638558&sprefix=ba%2Caps%2C283&sr=8-197,Computers & Accessories › Accessories & Peripherals › Laptop Accessories › Bags & Sleeves › Laptop Backpacks,‎B09B25QMKY,"‎Safari Industries, 302-303, A Wing, The Qube CTS No.1498, A/2, Sir Mathuradas Vasanji Rd, Marol, Andheri East, Mumbai, Maharashtra 400059"
https://www.amazon.in/Dolfin-Backpack-Charging-Resistant-Compartment/dp/B0C5RNGRBP/ref=sr_1_198?crid=2M096C61O4MLT&keywords=bags&qid=1692638558&sprefix=ba%2Caps%2C283&sr=8-198,Computers & Accessories › Accessories & Peripherals › Laptop Accessories › Bags & Sleeves › Laptop Backpacks,‎B0C5RNGRBP,"‎J.k Enterprises, J.K. Enterprises, Nagpur, Maharashtra, India. Customer care- contact@dolfinbags.com"
https://www.amazon.in/Safari-Polyester-Cms-Travel-KRYPTON17DFBLK_Black/dp/B097L3XJ38/ref=sr_1_199?crid=2M096C61O4MLT&keywords=bags&qid=1692638558&sprefix=ba%2Caps%2C283&sr=8-199,"Fashion › Deals on shoes, watches, luggage & jewellery › Deals on watches, jewellery & luggage › Luggage",‎B097L3XJ38,"‎Safari, Safari Industries (India) Ltd, Safari Industries Ltd 301/302, A-Wing, The Qube, M.V.Road, Marol, Andheri(East), Near international Airport Mumbai- 400059 +91-22-40381851/838"
https://www.amazon.in/Genie-compartments-Resistant-Lightweight-Travelling/dp/B0C85YB2S3/ref=sr_1_201?crid=2M096C61O4MLT&keywords=bags&qid=1692638558&sprefix=ba%2Caps%2C283&sr=8-201,Computers & Accessories › Accessories & Peripherals › Laptop Accessories › Bags & Sleeves › Laptop Backpacks,‎B0C85YB2S3,"‎Safari, Safari Industries (India) Ltd, Safari Industries Ltd 301/302, A-Wing, The Qube, M.V.Road, Marol, Andheri(East), Near international Airport Mumbai- 400059 +91-22-40381851/838"
https://www.amazon.in/NOVICZ-HK001-TRAWOC-SKYBLUE-Blue-Rucksack/dp/B079N6KHPJ/ref=sr_1_203?crid=2M096C61O4MLT&keywords=bags&qid=1692638558&sprefix=ba%2Caps%2C283&sr=8-203,"Bags, Wallets and Luggage › Bags & Backpacks › Backpacks › Rucksacks & Trekking Backpacks",‎B079N6KHPJ,"‎TRAWOCTM, TRAWOC Gears, Customer care"
https://www.amazon.in/SFANE-Duffel-Shoulder-Women-Compartment/dp/B07ZC77WTW/ref=sr_1_204?crid=2M096C61O4MLT&keywords=bags&qid=1692638558&sprefix=ba%2Caps%2C283&sr=8-204,"Bags, Wallets and Luggage › Bags & Backpacks › Gym Bags › Sports Duffles",‎B07ZC77WTW,"‎Sfane, Sfane Trends"
https://www.amazon.in/Genie-compartments-Resistant-Lightweight-Travelling/dp/B097JJ64SH/ref=sr_1_205?crid=2M096C61O4MLT&keywords=bags&qid=1692638558&sprefix=ba%2Caps%2C283&sr=8-205,Computers & Accessories › Accessories & Peripherals › Laptop Accessories › Bags & Sleeves › Laptop Backpacks,‎B097JJ64SH,"‎Safari, Safari Industries Ltd 301/302, A-Wing, The Qube, M.V.Road, Marol, Andheri(East), Near international Airport Mumbai- 400059 +91-22-40381851/838"
https://www.amazon.in/Safari-Formal-Backpack-Anti-Theft-VAULT19CBBLK/dp/B07XSTR69N/ref=sr_1_213?crid=2M096C61O4MLT&keywords=bags&qid=1692638563&sprefix=ba%2Caps%2C283&sr=8-213,Computers & Accessories › Accessories & Peripherals › Laptop Accessories › Bags & Sleeves › Laptop Backpacks,‎B07XSTR69N,"‎Safari Industries (India) Ltd, Safari Industries Ltd 301/302, A-Wing, The Qube, M.V.Road, Marol, Andheri(East), Near international Airport Mumbai- 400059 +91-22-40381851/838"
https://www.amazon.in/SPENZ-BAGS-Backpack-Raincover-Baby-Pink/dp/B0C3RNFHHV/ref=sr_1_216?crid=2M096C61O4MLT&keywords=bags&qid=1692638563&sprefix=ba%2Caps%2C283&sr=8-216,Computers & Accessories › Accessories & Peripherals › Laptop Accessories › Bags & Sleeves › Laptop Backpacks,‎B0C3RNFHHV,"‎Spenz Bags, Spenz Bags"
https://www.amazon.in/Reusable-Shopping-Essentials-Vegetable-Multi-Purpose/dp/B09NDPVVLC/ref=sr_1_217?crid=2M096C61O4MLT&keywords=bags&qid=1692638563&sprefix=ba%2Caps%2C283&sr=8-217,"Bags, Wallets and Luggage › Shopping Bags & Baskets › Reusable Shopper Bags",‎B09NDPVVLC,"‎Ram Lal Ram Chandra India Limited, Ram Lal Ram Chandra India Limited,bagsrr@gmail.com,9810332808"
https://www.amazon.in/Zipline-Vento-Polyster-Resistant-Lightweight/dp/B0C8BHPXNB/ref=sr_1_220?crid=2M096C61O4MLT&keywords=bags&qid=1692638563&sprefix=ba%2Caps%2C283&sr=8-220,"Bags, Wallets and Luggage › Bags & Backpacks › Backpacks › Casual Backpacks",‎B0C8BHPXNB,"‎Atulitu Agency, 281/3617, Tagore Nagar - 2, Vikhroli East, Mumbai - 400083. (9820078070)"
https://www.amazon.in/Lenovo-Carrying-15-6-Inch-Toploader-GX40Q17230/dp/B075Y8294N/ref=sr_1_221?crid=2M096C61O4MLT&keywords=bags&qid=1692638563&sprefix=ba%2Caps%2C283&sr=8-221,Computers & Accessories › Accessories & Peripherals › Laptop Accessories › Bags & Sleeves › Laptop Backpacks,‎B075Y8294N,"‎Lenovo, Ferns Icon, Level, 2, Outer Ring Rd, Doddanekundi, Mahadevapura, Bengaluru, Karnataka 560159, 1. DONGGUAN NIDAIKE ELECTRONIC TECHNOLOGY CO.,LTD. No.38 Taikang Street,Baihao Village, Houjie Town,Dongguan City,Guangdong Province,China-523957 2. Talent Hill Industrial Co., Ltd. Room 811, 7th Floor, No. 19 East tricy clic North Road , Chao yang District, Beijing, China."
https://www.amazon.in/Safari-Duffle-Travel-Luggage-Trolley/dp/B097JJXL9K/ref=sr_1_222?crid=2M096C61O4MLT&keywords=bags&qid=1692638563&sprefix=ba%2Caps%2C283&sr=8-222,"Fashion › Deals on shoes, watches, luggage & jewellery › Deals on watches, jewellery & luggage › Luggage",‎B097JJXL9K,"‎Safari, 302-303, A Wing, The Qube CTS No.1498, A/2, Sir Mathuradas Vasanji Rd, Marol, Andheri East, Mumbai, Maharashtra 400059"
https://www.amazon.in/DIVULGE-Thunder-Drawstring-Daypack-Backpack/dp/B091TRCBCB/ref=sr_1_223?crid=2M096C61O4MLT&keywords=bags&qid=1692638563&sprefix=ba%2Caps%2C283&sr=8-223,"Bags, Wallets and Luggage › Bags & Backpacks › Gym Bags › Drawstring Bags",‎B091TRCBCB,"‎DIVULGE, DIVULGE"
https://www.amazon.in/Genie-compartments-Resistant-Lightweight-Travelling/dp/B0C85YCDR7/ref=sr_1_224?crid=2M096C61O4MLT&keywords=bags&qid=1692638563&sprefix=ba%2Caps%2C283&sr=8-224,Computers & Accessories › Accessories & Peripherals › Laptop Accessories › Bags & Sleeves › Laptop Backpacks,‎B0C85YCDR7,"‎Safari, Safari Industries (India) Ltd, Safari Industries Ltd 301/302, A-Wing, The Qube, M.V.Road, Marol, Andheri(East), Near international Airport Mumbai- 400059 +91-22-40381851/838"
https://www.amazon.in/Tabelito-NEXA-Backpack-Business-Compartment/dp/B0C2D4KWQ6/ref=sr_1_225?crid=2M096C61O4MLT&keywords=bags&qid=1692638578&sprefix=ba%2Caps%2C283&sr=8-225,Computers & Accessories › Accessories & Peripherals › Laptop Accessories › Bags & Sleeves › Laptop Backpacks,‎B0C2D4KWQ6,"‎‎Tabelito Trade India, ‎Tabelito Trade India, Tabelito Trade India, Prop No"
https://www.amazon.in/Arctic-Fox-Liters-School-Backpack/dp/B0B3MLMSTM/ref=sr_1_227?crid=2M096C61O4MLT&keywords=bags&qid=1692638578&sprefix=ba%2Caps%2C283&sr=8-227,"Bags, Wallets and Luggage › Bags & Backpacks › Backpacks › Casual Backpacks",‎B0B3MLMSTM,"‎Arctic Fox, Outshiny India Private Limited"
https://www.amazon.in/Half-Moon-Waterproof-Laptop-Backpack/dp/B09QM8XTXP/ref=sr_1_228?crid=2M096C61O4MLT&keywords=bags&qid=1692638578&sprefix=ba%2Caps%2C283&sr=8-228,Computers & Accessories › Accessories & Peripherals › Laptop Accessories › Bags & Sleeves › Laptop Backpacks,‎B09QM8XTXP,‎Half_Moon
https://www.amazon.in/Gear-Classic-Leather-Backpack-LBPCLSLTH0519/dp/B07G4JQX2F/ref=sr_1_229?crid=2M096C61O4MLT&keywords=bags&qid=1692638578&sprefix=ba%2Caps%2C283&sr=8-229,Computers & Accessories › Accessories & Peripherals › Laptop Accessories › Bags & Sleeves › Laptop Backpacks,‎B07G4JQX2F,"‎Gear Merchandise PVT LTD, Gear Merchandise PVT LTD E/12 West Chowbaga Gulshan colony KoLkata-700100 Contact 9830403366"
https://www.amazon.in/Gear-Black-Laptop-Backpack-BUSCLIMBR0109/dp/B015C73FCA/ref=sr_1_230?crid=2M096C61O4MLT&keywords=bags&qid=1692638578&sprefix=ba%2Caps%2C283&sr=8-230,Computers & Accessories › Accessories & Peripherals › Laptop Accessories › Bags & Sleeves › Laptop Backpacks,‎B015C73FCA,"‎Gear Merchandise PVT LTD, Gear Merchandise PVT LTD E/12 West Chowbaga Gulshan colony KoLkata-700100 Contact 9830403366"
https://www.amazon.in/American-Tourister-Casual-Travel-Duffle/dp/B00FRCNRPQ/ref=sr_1_231?crid=2M096C61O4MLT&keywords=bags&qid=1692638578&sprefix=ba%2Caps%2C283&sr=8-231,"Fashion › Deals on shoes, watches, luggage & jewellery › Deals on watches, jewellery & luggage › Luggage",‎B00FRCNRPQ,"‎American Tourister, Samsonite"
https://www.amazon.in/Gear-ltr-Black-Orange-DUFPRO2000106/dp/B00Z93WSVW/ref=sr_1_232?crid=2M096C61O4MLT&keywords=bags&qid=1692638578&sprefix=ba%2Caps%2C283&sr=8-232,"Fashion › Deals on shoes, watches, luggage & jewellery › Deals on watches, jewellery & luggage › Luggage",‎B00Z93WSVW,"‎Gear Merchandise PVT LTD, Gear Merchandise PVT LTD E/12 West Chowbaga Gulshan colony KoLkata-700100 Contact 9830403366"
https://www.amazon.in/Aristocrat-Plastic-Rotation-Luggage-Suitcase/dp/B0BRN2Z9CG/ref=sr_1_233?crid=2M096C61O4MLT&keywords=bags&qid=1692638578&sprefix=ba%2Caps%2C283&sr=8-233,"Fashion › Deals on shoes, watches, luggage & jewellery › Deals on watches, jewellery & luggage › Luggage",‎B0BRN2Z9CG,"‎VIP Industries Ltd. DGP House, Prabhadevi, Mumbai, VIP Industries Limited, DGP House, 88C, Old Prabhadevi Road, Prabhadevi, Mumbai 400025. India"
https://www.amazon.in/Dolfin-Backpack-Charging-Resistant-Compartment/dp/B0C5RNGRBP/ref=sr_1_234?crid=2M096C61O4MLT&keywords=bags&qid=1692638578&sprefix=ba%2Caps%2C283&sr=8-234,Computers & Accessories › Accessories & Peripherals › Laptop Accessories › Bags & Sleeves › Laptop Backpacks,‎B0C5RNGRBP,"‎J.k Enterprises, J.K. Enterprises, Nagpur, Maharashtra, India. Customer care- contact@dolfinbags.com"
https://www.amazon.in/Mokobara-Backpack-litre-Brown-laptop/dp/B095PC3QPV/ref=sr_1_235?crid=2M096C61O4MLT&keywords=bags&qid=1692638578&sprefix=ba%2Caps%2C283&sr=8-235,Computers & Accessories › Accessories & Peripherals › Laptop Accessories › Bags & Sleeves › Laptop Backpacks,‎B095PC3QPV,"‎Designed By Mokobara Lifestyle Private Limited, Mokobara Lifestyle Private Limited, Bangalore. Customer Care"
https://www.amazon.in/FUR-JADEN-Backpack-Compartment-Organizer/dp/B0BYSZ3TKW/ref=sr_1_236?crid=2M096C61O4MLT&keywords=bags&qid=1692638578&sprefix=ba%2Caps%2C283&sr=8-236,Computers & Accessories › Accessories & Peripherals › Laptop Accessories › Bags & Sleeves › Laptop Backpacks,‎B0BYSZ3TKW,"‎FUR JADEN, Fur Jaden, 3C Jai Hind Bld, Dr AM Road, Bhuleshwar, Mumbai 400002"
https://www.amazon.in/American-Tourister-Unisex-Laptop-Backpack/dp/B0C8649NY8/ref=sr_1_237?crid=2M096C61O4MLT&keywords=bags&qid=1692638578&sprefix=ba%2Caps%2C283&sr=8-237,Computers & Accessories › Accessories & Peripherals › Laptop Accessories › Bags & Sleeves › Laptop Backpacks,‎B0C8649NY8,"‎IFF, INDIA, IFF, India"
https://www.amazon.in/BEAUTY-GIRLS-HOTSHOT-School-1565/dp/B0BFXCHQZ5/ref=sr_1_239?crid=2M096C61O4MLT&keywords=bags&qid=1692638578&sprefix=ba%2Caps%2C283&sr=8-239,"Bags, Wallets and Luggage › Bags & Backpacks › Backpacks › Casual Backpacks",‎B0BFXCHQZ5,"‎SHRI SALASAR ENTERPRISES, teamhotshot1992@gmail.com"
https://www.amazon.in/Genie-compartments-Resistant-Lightweight-Travelling/dp/B097JJ64SH/ref=sr_1_241?crid=2M096C61O4MLT&keywords=bags&qid=1692638588&sprefix=ba%2Caps%2C283&sr=8-241,Computers & Accessories › Accessories & Peripherals › Laptop Accessories › Bags & Sleeves › Laptop Backpacks,‎B097JJ64SH,"‎Safari, Safari Industries Ltd 301/302, A-Wing, The Qube, M.V.Road, Marol, Andheri(East), Near international Airport Mumbai- 400059 +91-22-40381851/838"
https://www.amazon.in/POLESTAR-Casual-bagpack-School-Backpack/dp/B07PQQ8M7B/ref=sr_1_242?crid=2M096C61O4MLT&keywords=bags&qid=1692638588&sprefix=ba%2Caps%2C283&sr=8-242,"Bags, Wallets and Luggage › Bags & Backpacks › Backpacks › Casual Backpacks",‎B07PQQ8M7B,"‎POLESTAR, JAI AMBAY ENTERPRISES ,03AAFFJ0421M1ZQ, B -29 ,Sports & Surgical complex,Kapurthala Road, Jalandhar Punjab 140021 India . +91 9914112308 , polestarbags@gmail.com"
https://www.amazon.in/Safari-Swagpack-Backpack-Compartments-Raincover/dp/B09B25QMKY/ref=sr_1_243?crid=2M096C61O4MLT&keywords=bags&qid=1692638588&sprefix=ba%2Caps%2C283&sr=8-243,Computers & Accessories › Accessories & Peripherals › Laptop Accessories › Bags & Sleeves › Laptop Backpacks,‎B09B25QMKY,"‎Safari Industries, 302-303, A Wing, The Qube CTS No.1498, A/2, Sir Mathuradas Vasanji Rd, Marol, Andheri East, Mumbai, Maharashtra 400059"
https://www.amazon.in/Safari-Duffle-Travel-Luggage-Trolley/dp/B097JJXL9K/ref=sr_1_246?crid=2M096C61O4MLT&keywords=bags&qid=1692638588&sprefix=ba%2Caps%2C283&sr=8-246,"Fashion › Deals on shoes, watches, luggage & jewellery › Deals on watches, jewellery & luggage › Luggage",‎B097JJXL9K,"‎Safari, 302-303, A Wing, The Qube CTS No.1498, A/2, Sir Mathuradas Vasanji Rd, Marol, Andheri East, Mumbai, Maharashtra 400059"
https://www.amazon.in/F-Gear-Burner-Art-Lthr-Laptop-Backpack/dp/B085QWJVCZ/ref=sr_1_247?crid=2M096C61O4MLT&keywords=bags&qid=1692638588&sprefix=ba%2Caps%2C283&sr=8-247,Computers & Accessories › Accessories & Peripherals › Laptop Accessories › Bags & Sleeves › Laptop Backpacks,‎B085QWJVCZ,"‎Uber Fashion Merchandise Pvt. Ltd., Uber Fashion Merchandise Pvt. Ltd. No. 17G/46-3 & 17G/46-3-1 , 1st & 2nd Floor, Industrial Suburb, 2nd Stage, Yeshwantpur, Next to Sapna Books on MEI road, Bangalore – 560 022. INDIA Tel"
https://www.amazon.in/Sfane-Women-Trendy-Black-Duffel/dp/B07GCR84D9/ref=sr_1_249?crid=2M096C61O4MLT&keywords=bags&qid=1692638588&sprefix=ba%2Caps%2C283&sr=8-249,"Bags, Wallets and Luggage › Bags & Backpacks › Gym Bags › Sports Duffles",‎B07GCR84D9,"‎Sfane, Sfane Trends Pvt Limited"
https://www.amazon.in/BEAUTY-GIRLS-HOTSHOT-School-1565/dp/B0BFXCHQZ5/ref=sr_1_250?crid=2M096C61O4MLT&keywords=bags&qid=1692638588&sprefix=ba%2Caps%2C283&sr=8-250,"Bags, Wallets and Luggage › Bags & Backpacks › Backpacks › Casual Backpacks",‎B0BFXCHQZ5,"‎SHRI SALASAR ENTERPRISES, teamhotshot1992@gmail.com"
https://www.amazon.in/PUMA-Laptop-Backpack-IND-Red-Peacoat/dp/B08BTPS12W/ref=sr_1_251?crid=2M096C61O4MLT&keywords=bags&qid=1692638588&sprefix=ba%2Caps%2C283&sr=8-251,Computers & Accessories › Accessories & Peripherals › Laptop Accessories › Bags & Sleeves › Laptop Backpacks,‎B08DKX53PK,‎Puma
https://www.amazon.in/HYDER-Superhero-Lightweight-Spacious-Waterproof/dp/B0BJ6CTJ3Q/ref=sr_1_252?crid=2M096C61O4MLT&keywords=bags&qid=1692638588&sprefix=ba%2Caps%2C283&sr=8-252,"Bags, Wallets and Luggage › Bags & Backpacks › Backpacks › Casual Backpacks",‎B0BJ6CTJ3Q,‎Bharat Engineering Company Add
https://www.amazon.in/Gear-LOGI-Q-Resistant-Backpack-Teal-Yellow/dp/B0BTJ3QQJM/ref=sr_1_253?crid=2M096C61O4MLT&keywords=bags&qid=1692638588&sprefix=ba%2Caps%2C283&sr=8-253,Computers & Accessories › Accessories & Peripherals › Laptop Accessories › Bags & Sleeves › Laptop Backpacks,‎B0BTJ3QQJM,"‎Gear Merchandise Pvt Ltd, Gear Merchandise Pvt Ltd, E/12 West Chowbaga, Gulshan Colony, Kolkata 700100"
https://www.amazon.in/Trunkit-Waterproof-Travelling-Trekking-Backpack/dp/B08GZB73RZ/ref=sr_1_254?crid=2M096C61O4MLT&keywords=bags&qid=1692638588&sprefix=ba%2Caps%2C283&sr=8-254,"Bags, Wallets and Luggage › Bags & Backpacks › Backpacks › Rucksacks & Trekking Backpacks",‎B08GZB73RZ,‎Trunkit
https://www.amazon.in/ADISA-laptop-backpack-office-college/dp/B0BVRJYD9Q/ref=sr_1_255?crid=2M096C61O4MLT&keywords=bags&qid=1692638588&sprefix=ba%2Caps%2C283&sr=8-255,Computers & Accessories › Accessories & Peripherals › Laptop Accessories › Bags & Sleeves › Laptop Backpacks,‎B0BVRJYD9Q,"‎ADISA, ADISA INTERNATIONAL, 42/34, Upper Ground Floor, DLF Industrial Area, Kirti Nagar, New Delhi 110015, careadisa@gmail.com"
https://www.amazon.in/Arctic-Fox-Kobra-Laptop-Backpack/dp/B0B3N2PXN4/ref=sr_1_259?crid=2M096C61O4MLT&keywords=bags&qid=1692638591&sprefix=ba%2Caps%2C283&sr=8-259,Computers & Accessories › Accessories & Peripherals › Laptop Accessories › Bags & Sleeves › Laptop Backpacks,‎B0B3N2PXN4,"‎Arctic Fox, Outshiny India Private Limited"
https://www.amazon.in/Lunars-Router-Resistant-Raincover-Organiser/dp/B08YR63B9M/ref=sr_1_261?crid=2M096C61O4MLT&keywords=bags&qid=1692638591&sprefix=ba%2Caps%2C283&sr=8-261,Computers & Accessories › Accessories & Peripherals › Laptop Accessories › Bags & Sleeves › Laptop Backpacks,‎B08YR63B9M,"‎Akshaya Rubbers, Hebbal Industrial Area, Mysore, 7022982998"
https://www.amazon.in/Professional-Organizer-Waterproof-Compartment-Accessories/dp/B0C7VJ1LFG/ref=sr_1_262?crid=2M096C61O4MLT&keywords=bags&qid=1692638591&sprefix=ba%2Caps%2C283&sr=8-262,Beauty › Tools & Accessories › Bags & Cases › Cosmetic Bags,‎B0C7VJ1LFG,‎Viulvuk
https://www.amazon.in/Frantic-Travelling-Backpacks-Preschool-FullBody_SkyElehpant/dp/B0BD5JQX7T/ref=sr_1_264?crid=2M096C61O4MLT&keywords=bags&qid=1692638591&sprefix=ba%2Caps%2C283&sr=8-264,"Bags, Wallets and Luggage › Bags & Backpacks › Backpacks › Casual Backpacks",‎B0BD5JQX7T,"‎Frantic, Frantic Trading Pvt Limited"
https://www.amazon.in/Gear-Universe-Resistant-Backpack-Daypack/dp/B0BZWLBDV3/ref=sr_1_266?crid=2M096C61O4MLT&keywords=bags&qid=1692638591&sprefix=ba%2Caps%2C283&sr=8-266,"Bags, Wallets and Luggage › Bags & Backpacks › Backpacks › Casual Backpacks",‎B0BZWLBDV3,"‎Gear, Gear Merchandise PVT LTD, E/12 West Chowbaga, Gulshan coloony, Kolkata 700100, Contact 9830403366"
https://www.amazon.in/satellite-backpacks-backpack-school-bagpack/dp/B083DZVFZM/ref=sr_1_267?crid=2M096C61O4MLT&keywords=bags&qid=1692638591&sprefix=ba%2Caps%2C283&sr=8-267,Computers & Accessories › Accessories & Peripherals › Laptop Accessories › Bags & Sleeves › Laptop Backpacks,‎B083DZVFZM,"‎Double R Bags, 98103 32808"
https://www.amazon.in/DZert-Polyester-Black-White-Laptop/dp/B07H193V57/ref=sr_1_269?crid=2M096C61O4MLT&keywords=bags&qid=1692638591&sprefix=ba%2Caps%2C283&sr=8-269,Computers & Accessories › Accessories & Peripherals › Laptop Accessories › Bags & Sleeves › Laptop Backpacks,‎B07H193V57,"‎Rushi Enterprise, Rushi Enterprise, Jeshinjpara, Valapra Gujarat Amreli-365601 Mo- 9714228584"
https://www.amazon.in/SPENZ-BAGS-Backpack-Raincover-Jet-Black/dp/B0C3RLGGVZ/ref=sr_1_270?crid=2M096C61O4MLT&keywords=bags&qid=1692638591&sprefix=ba%2Caps%2C283&sr=8-270,Computers & Accessories › Accessories & Peripherals › Laptop Accessories › Bags & Sleeves › Laptop Backpacks,‎B0C3RLGGVZ,"‎Spenz Bags, Spenz Bags"
https://www.amazon.in/Skybags-Unisex-Polyester-Pattern-Hustle/dp/B07F342RQD/ref=sr_1_271?crid=2M096C61O4MLT&keywords=bags&qid=1692638591&sprefix=ba%2Caps%2C283&sr=8-271,"Bags, Wallets and Luggage › Bags & Backpacks › Backpacks › Casual Backpacks",‎B07F342RQD,‎SKYBAGS
https://www.amazon.in/House-Quirk-Flamingo-Portable-Different/dp/B09WJ1N2F2/ref=sr_1_272?crid=2M096C61O4MLT&keywords=bags&qid=1692638591&sprefix=ba%2Caps%2C283&sr=8-272,Beauty › Tools & Accessories › Bags & Cases › Cosmetic Bags,‎B09WJ1N2F2,‎House of Quirk
https://www.amazon.in/Professional-Organizer-Waterproof-Compartment-Accessories/dp/B0C7VJ1LFG/ref=sr_1_273?crid=2M096C61O4MLT&keywords=bags&qid=1692638595&sprefix=ba%2Caps%2C283&sr=8-273,Beauty › Tools & Accessories › Bags & Cases › Cosmetic Bags,‎B0C7VJ1LFG,‎Viulvuk
https://www.amazon.in/WildHorn-Leather-Laptop-Messenger-Dimension/dp/B079HQKSZN/ref=sr_1_274?crid=2M096C61O4MLT&keywords=bags&qid=1692638595&sprefix=ba%2Caps%2C283&sr=8-274,Fashion › The New Workwear › Men › Messenger Bags,‎B079HQKSZN,"‎ADL International, ADL International, 61/H G.J.Khan Road, Topsia, Kolkata-700039"
https://www.amazon.in/Gear-Green-Casual-Backpack-BKPECOBP40503/dp/B019HA8DQQ/ref=sr_1_276?crid=2M096C61O4MLT&keywords=bags&qid=1692638595&sprefix=ba%2Caps%2C283&sr=8-276,"Bags, Wallets and Luggage › Bags & Backpacks › Backpacks › Casual Backpacks",‎B019HA8DQQ,"‎Gear Merchandise PVT LTD, Gear Merchandise PVT LTD E/12 West Chowbaga Gulshan colony KoLkata-700100 Contact 9830403366"
https://www.amazon.in/ZOUK-Handmade-Leather-Handles-Multicolor/dp/B09QRYDXJH/ref=sr_1_278?crid=2M096C61O4MLT&keywords=bags&qid=1692638595&sprefix=ba%2Caps%2C283&sr=8-278,Computers & Accessories › Accessories & Peripherals › Laptop Accessories › Bags & Sleeves › Laptop Messenger & Shoulder Bags,‎B09QRYDXJH,"‎Sea Turtle Pvt Ltd, Sea Turtle Pvt Ltd, Near Kalher Village, Building No 1-6/H No 196/Gala No 1-5, 1st Floor, Shree Arihant Complex, Bhiwandi Road, Kopar, Bhiwandi, Thane, Maharashtra - 421302"
https://www.amazon.in/Lenovo-Backpack-water-repellent-resistant-materials/dp/B09HXYJB7B/ref=sr_1_279?crid=2M096C61O4MLT&keywords=bags&qid=1692638595&sprefix=ba%2Caps%2C283&sr=8-279,Computers & Accessories › Accessories & Peripherals › Laptop Accessories › Bags & Sleeves › Laptop Backpacks,‎B09HXYJB7B,‎Lenovo
https://www.amazon.in/satellite-backpacks-backpack-school-bagpack/dp/B083DZVFZM/ref=sr_1_280?crid=2M096C61O4MLT&keywords=bags&qid=1692638595&sprefix=ba%2Caps%2C283&sr=8-280,Computers & Accessories › Accessories & Peripherals › Laptop Accessories › Bags & Sleeves › Laptop Backpacks,‎B083DZVFZM,"‎Double R Bags, 98103 32808"
https://www.amazon.in/Lavie-Sport-Floral-Casual-Backpack/dp/B0C6Y9WHYB/ref=sr_1_282?crid=2M096C61O4MLT&keywords=bags&qid=1692638595&sprefix=ba%2Caps%2C283&sr=8-282,"Bags, Wallets and Luggage › Bags & Backpacks › Backpacks › Casual Backpacks",‎B0C6Y9WHYB,"‎Bagzone Lifestyle Pvt Ltd, Bagzone Lifestyle Pvt Ltd | | LAVIE 402, Ackruti Star, MIDC Central Road, Andheri East, Mumbai – 400093"
https://www.amazon.in/SPENZ-BAGS-Backpack-Raincover-Jet-Black/dp/B0C3RLGGVZ/ref=sr_1_283?crid=2M096C61O4MLT&keywords=bags&qid=1692638595&sprefix=ba%2Caps%2C283&sr=8-283,Computers & Accessories › Accessories & Peripherals › Laptop Accessories › Bags & Sleeves › Laptop Backpacks,‎B0C3RLGGVZ,"‎Spenz Bags, Spenz Bags"
https://www.amazon.in/House-Quirk-Flamingo-Portable-Different/dp/B09WJ1N2F2/ref=sr_1_284?crid=2M096C61O4MLT&keywords=bags&qid=1692638595&sprefix=ba%2Caps%2C283&sr=8-284,Beauty › Tools & Accessories › Bags & Cases › Cosmetic Bags,‎B09WJ1N2F2,‎House of Quirk
https://www.amazon.in/Skybags-Unisex-Adjustable-Polyester-Backpack/dp/B0BJ763F7Y/ref=sr_1_285?crid=2M096C61O4MLT&keywords=bags&qid=1692638595&sprefix=ba%2Caps%2C283&sr=8-285,Computers & Accessories › Accessories & Peripherals › Laptop Accessories › Bags & Sleeves › Laptop Backpacks,‎B0BJ763F7Y,"‎VIP Industries Limited, DGP House, 88C, Old Prabhadevi Road, Prabhadevi, Mumbai 400025. India, VIP Industries Limited, DGP House, 88C, Old Prabhadevi Road, Prabhadevi, Mumbai 400025. India"
https://www.amazon.in/Skybags-Unisex-Adjustable-Polyester-Backpacks/dp/B0BJ75WR71/ref=sr_1_286?crid=2M096C61O4MLT&keywords=bags&qid=1692638595&sprefix=ba%2Caps%2C283&sr=8-286,"Bags, Wallets and Luggage › Bags & Backpacks › Backpacks › Casual Backpacks",‎B0BJ75WR71,"‎VIP Industries Limited, DGP House, 88C, Old Prabhadevi Road, Prabhadevi, Mumbai 400025. India, VIP Industries Limited, DGP House, 88C, Old Prabhadevi Road, Prabhadevi, Mumbai 400025. India"
https://www.amazon.in/Glowic-Unisexs-Backpack-College-Students/dp/B0BGX9W69N/ref=sr_1_287?crid=2M096C61O4MLT&keywords=bags&qid=1692638595&sprefix=ba%2Caps%2C283&sr=8-287,"Bags, Wallets and Luggage › Bags & Backpacks › Backpacks › Casual Backpacks",‎B0BGX9W69N,"‎N HUB, N HUB,KATARGAM<SURAT<GUJARAT,INDIA-395004"
https://www.amazon.in/American-Tourister-Unisex-Laptop-Backpack/dp/B0C8649NY8/ref=sr_1_293?crid=2M096C61O4MLT&keywords=bags&qid=1692638599&sprefix=ba%2Caps%2C283&sr=8-293,Computers & Accessories › Accessories & Peripherals › Laptop Accessories › Bags & Sleeves › Laptop Backpacks,‎B0C8649NY8,"‎IFF, INDIA, IFF, India"
https://www.amazon.in/Arctic-Hunter-Stylish-shoulder-Scratch-resistant/dp/B0B6G8C188/ref=sr_1_296?crid=2M096C61O4MLT&keywords=bags&qid=1692638599&sprefix=ba%2Caps%2C283&sr=8-296,Fashion › Carry ons to flex › Fanny packs & crossbody bags › Cross body bags,‎B0B6G8C188,"‎ah arctic hunter, Hoteon Trading Pvt. Ltd., #191, BOOHBCS (BANK COLONY),BTM 2nd Stage, Bangalore-560068. Phone 9148183707 or customercare@hoteon.com"
https://www.amazon.in/Safari-Polyester-Cms-Travel-KRYPTON17DFBLK_Black/dp/B097L3XJ38/ref=sr_1_297?crid=2M096C61O4MLT&keywords=bags&qid=1692638599&sprefix=ba%2Caps%2C283&sr=8-297,"Fashion › Deals on shoes, watches, luggage & jewellery › Deals on watches, jewellery & luggage › Luggage",‎B097L3XJ38,"‎Safari, Safari Industries (India) Ltd, Safari Industries Ltd 301/302, A-Wing, The Qube, M.V.Road, Marol, Andheri(East), Near international Airport Mumbai- 400059 +91-22-40381851/838"
https://www.amazon.in/Wildcraft-Laptop-Trident-XL-2_Black/dp/B019DWD8SQ/ref=sr_1_298?crid=2M096C61O4MLT&keywords=bags&qid=1692638599&sprefix=ba%2Caps%2C283&sr=8-298,Computers & Accessories › Accessories & Peripherals › Laptop Accessories › Bags & Sleeves › Laptop Backpacks,‎B019DWD8SQ,‎Wildcraft
https://www.amazon.in/Derben-Fabric-Leather-Laptop-Messenger/dp/B08TVL3MWJ/ref=sr_1_299?crid=2M096C61O4MLT&keywords=bags&qid=1692638599&sprefix=ba%2Caps%2C283&sr=8-299,Computers & Accessories › Accessories & Peripherals › Laptop Accessories › Bags & Sleeves › Laptop Messenger & Shoulder Bags,‎B08TVL3MWJ,‎Derben Clove
https://www.amazon.in/TRAWOC-Backpack-Trekking-Rucksack-Warranty/dp/B0847PGZZM/ref=sr_1_300?crid=2M096C61O4MLT&keywords=bags&qid=1692638599&sprefix=ba%2Caps%2C283&sr=8-300,"Bags, Wallets and Luggage › Bags & Backpacks › Backpacks › Rucksacks & Trekking Backpacks",‎B0847PGZZM,"‎TRAWOC, TRAWOC Gears, Customer care"
https://www.amazon.in/Fast-Travel-partition-Collage-Backpack/dp/B09XLK25VC/ref=sr_1_301?crid=2M096C61O4MLT&keywords=bags&qid=1692638599&sprefix=ba%2Caps%2C283&sr=8-301,Computers & Accessories › Accessories & Peripherals › Laptop Accessories › Bags & Sleeves › Laptop Backpacks,‎B09XLK25VC,‎Fast Travel
https://www.amazon.in/Uppercase-Professional-Backpack-Resistant-Sustainable/dp/B0BWNBQXDZ/ref=sr_1_304?crid=2M096C61O4MLT&keywords=bags&qid=1692638599&sprefix=ba%2Caps%2C283&sr=8-304,Computers & Accessories › Accessories & Peripherals › Laptop Accessories › Bags & Sleeves › Laptop Backpacks,‎B0BWNBQXDZ,"‎Acefour Accessories Pvt. Ltd., Acefour Accessories Pvt. Ltd. , Lodha Supremus Corp. Tower, Unit 1202,12th Floor,Saki Vihar road, Chandivali, Tunga Village, Opp. MTNL office, Andheri E, Mumbai -400072, Maharashtra, India. Customer Care"
https://www.amazon.in/Gear-Colorado-Navy-Laptop-Backpack/dp/B097K6SPH7/ref=sr_1_305?crid=2M096C61O4MLT&keywords=bags&qid=1692638603&sprefix=ba%2Caps%2C283&sr=8-305,Computers & Accessories › Accessories & Peripherals › Laptop Accessories › Bags & Sleeves › Laptop Backpacks,‎B097K6SPH7,"‎Uber Fashion Merchandise Pvt Ltd, Uber Fashion Merchandise Pvt Ltd 17G 46 3 1Flr 2Stage Yeshwantpur Bangalore560022 contact@fgear.in 9066161590"
https://www.amazon.in/WILDHORN-Backpack-Compartment-Business-College/dp/B09Q63JWCH/ref=sr_1_306?crid=2M096C61O4MLT&keywords=bags&qid=1692638603&sprefix=ba%2Caps%2C283&sr=8-306,Computers & Accessories › Accessories & Peripherals › Laptop Accessories › Bags & Sleeves › Laptop Backpacks,‎B09Q63JWCH,"‎WildHorn, ADL International, 61 B/H G.J. Khan Road, kolkata-700039, Contact"